edicion_envipe,anio_referencia,ambito,unidad_medida,serie_id,indicador_id,indicador,delito,medio_comision,estatus,variable_fuente,bpcod_filtro,valor_filtro,estimacion_incidentes,estimacion_incidentes_redondeada,n_muestra_numerador,estimacion_total_delito,n_muestra_total_delito,porcentaje_sobre_total_delito,estimacion_respuestas_validas,n_muestra_respuestas_validas,porcentaje_sobre_respuestas_validas,factor_expansion,multirrespuesta,los_componentes_pueden_traslaparse,comparabilidad_historica,ruptura_serie,precision_calculada,publicar_sin_cv_ee_ic,archivo_zip,archivo_dbf,sha256_zip,url_edicion_inegi,url_documento_regla,url_diseno_muestral,nota_metodologica
2011,2010,Nacional,Incidentes delictivos estimados,SERIE_HISTORICA_ARMONIZADA,TOTAL_FRAUDE_EXTORSION_TELECOM_ARMONIZADO,Total armonizado: fraude por internet/correo y extorsión por teléfono o internet/correo,Fraude + extorsión,Medios de telecomunicaciones definidos por preguntas históricas,estimado,BP4_1+BP5_1,07|08,"BP4_1=3;BP5_1=1,3",5010208.0,5010208,4683,6489212.0,6025,77.20826504050106,6323616.0,5883,79.23011137931209,FAC_DEL,No,No,"Armonizada, no estrictamente comparable; ruptura conceptual en 2012",No estimable con la misma definición en 2024,No,No recomendado,base_de_datos_envipe_2011_dbf.zip,tmod_vic.DBF,d6c660f00ca2179dcabf59a9af166d7605793eed48c6eb84bcd8d24f39bd2ce4,https://www.inegi.org.mx/programas/envipe/2011/,https://www.inegi.org.mx/contenidos/programas/envipe/2011/doc/cuest_envipe11_modulo.pdf | https://www.inegi.org.mx/contenidos/programas/envipe/2011/doc/cuest_envipe11_modulo.pdf,https://www.inegi.org.mx/contenidos/programas/envipe/2025/doc/889463926689.pdf,Suma sin doble conteo porque fraude y extorsión son BPCOD distintos. No incluye amenazas ni hostigamiento antes de 2024 porque el instrumento no captaba su medio de comisión.
2011,2010,Nacional,Incidentes delictivos estimados,SERIE_HISTORICA_MODALIDAD,EXTORSION_INTERNET_CORREO,Extorsiones por internet o correo electrónico,Extorsión,Internet/correo electrónico,estimado,BP5_1,08,3,81965.0,81965,5,5485470.0,5067,1.4942201853259611,5389814.0,5000,1.5207389345903217,FAC_DEL,No,No,Sí hasta el año de referencia 2023,Sí en 2024: BP5_1 cambia de significado,No,No recomendado,base_de_datos_envipe_2011_dbf.zip,tmod_vic.DBF,d6c660f00ca2179dcabf59a9af166d7605793eed48c6eb84bcd8d24f39bd2ce4,https://www.inegi.org.mx/programas/envipe/2011/,https://www.inegi.org.mx/contenidos/programas/envipe/2011/doc/cuest_envipe11_modulo.pdf,https://www.inegi.org.mx/contenidos/programas/envipe/2025/doc/889463926689.pdf,BP5_1 clasifica el medio/tipo de extorsión hasta ENVIPE 2024 (datos 2023).
2011,2010,Nacional,Incidentes delictivos estimados,SERIE_HISTORICA_MODALIDAD,EXTORSION_MEDIOS_TELECOM,Extorsiones por teléfono o internet/correo electrónico,Extorsión,Teléfono o internet/correo electrónico (unión),estimado,BP5_1,08,1|3,4950783.0,4950783,4648,5485470.0,5067,90.25266750159969,5389814.0,5000,91.85443134030228,FAC_DEL,No,No,Sí hasta el año de referencia 2023,Sí en 2024: BP5_1 cambia de significado,No,No recomendado,base_de_datos_envipe_2011_dbf.zip,tmod_vic.DBF,d6c660f00ca2179dcabf59a9af166d7605793eed48c6eb84bcd8d24f39bd2ce4,https://www.inegi.org.mx/programas/envipe/2011/,https://www.inegi.org.mx/contenidos/programas/envipe/2011/doc/cuest_envipe11_modulo.pdf,https://www.inegi.org.mx/contenidos/programas/envipe/2025/doc/889463926689.pdf,BP5_1 clasifica el medio/tipo de extorsión hasta ENVIPE 2024 (datos 2023).
2011,2010,Nacional,Incidentes delictivos estimados,SERIE_HISTORICA_MODALIDAD,EXTORSION_TELEFONICA,Extorsiones telefónicas,Extorsión,Llamada telefónica,estimado,BP5_1,08,1,4868818.0,4868818,4643,5485470.0,5067,88.75844731627372,5389814.0,5000,90.33369240571196,FAC_DEL,No,No,Sí hasta el año de referencia 2023,Sí en 2024: BP5_1 cambia de significado,No,No recomendado,base_de_datos_envipe_2011_dbf.zip,tmod_vic.DBF,d6c660f00ca2179dcabf59a9af166d7605793eed48c6eb84bcd8d24f39bd2ce4,https://www.inegi.org.mx/programas/envipe/2011/,https://www.inegi.org.mx/contenidos/programas/envipe/2011/doc/cuest_envipe11_modulo.pdf,https://www.inegi.org.mx/contenidos/programas/envipe/2025/doc/889463926689.pdf,BP5_1 clasifica el medio/tipo de extorsión hasta ENVIPE 2024 (datos 2023).
2011,2010,Nacional,Incidentes delictivos estimados,SERIE_HISTORICA_MODALIDAD,FRAUDE_INTERNET_CORREO,Fraudes por internet o correo electrónico,Fraude,Internet/correo electrónico,estimado,BP4_1,07,3,59425.0,59425,35,1003742.0,958,5.9203460650246775,933802.0,883,6.363768764684591,FAC_DEL,No,No,Condicionada: desde 2012 cambia la clasificación y cobertura del fraude,No,No,No recomendado,base_de_datos_envipe_2011_dbf.zip,tmod_vic.DBF,d6c660f00ca2179dcabf59a9af166d7605793eed48c6eb84bcd8d24f39bd2ce4,https://www.inegi.org.mx/programas/envipe/2011/,https://www.inegi.org.mx/contenidos/programas/envipe/2011/doc/cuest_envipe11_modulo.pdf,https://www.inegi.org.mx/contenidos/programas/envipe/2025/doc/889463926689.pdf,ENVIPE 2011: BP4_1=3 es internet/correo; no incluye fraude bancario BPCOD=06.
2012,2011,Nacional,Incidentes delictivos estimados,SERIE_HISTORICA_ARMONIZADA,TOTAL_FRAUDE_EXTORSION_TELECOM_ARMONIZADO,Total armonizado: fraude por internet/correo y extorsión por teléfono o internet/correo,Fraude + extorsión,Medios de telecomunicaciones definidos por preguntas históricas,estimado,BP4_1+BP5_1,07|08,"BP4_1=4;BP5_1=1,3",3927866.0,3927866,4629,5207915.0,6202,75.42108502154893,5109078.0,6045,76.8801337540746,FAC_DEL,No,No,"Armonizada, no estrictamente comparable; ruptura conceptual en 2012",No estimable con la misma definición en 2024,No,No recomendado,base_de_datos_envipe_2012_dbf.zip,Tmod_Vic.DBF,d7caa74ea4264d59fecfc1d1959824051adfe43613514e2e5ca22f24f31548f5,https://www.inegi.org.mx/programas/envipe/2012/,https://www.inegi.org.mx/contenido/productos/prod_serv/contenidos/espanol/bvinegi/productos/metodologias/ENVIPE2012/Manual_ENT/ENVIPE12_Manual_ENT.pdf | https://www.inegi.org.mx/contenido/productos/prod_serv/contenidos/espanol/bvinegi/productos/metodologias/ENVIPE2012/Manual_ENT/ENVIPE12_Manual_ENT.pdf,https://www.inegi.org.mx/contenidos/programas/envipe/2025/doc/889463926689.pdf,Suma sin doble conteo porque fraude y extorsión son BPCOD distintos. No incluye amenazas ni hostigamiento antes de 2024 porque el instrumento no captaba su medio de comisión.
2012,2011,Nacional,Incidentes delictivos estimados,SERIE_HISTORICA_MODALIDAD,EXTORSION_INTERNET_CORREO,Extorsiones por internet o correo electrónico,Extorsión,Internet/correo electrónico,estimado,BP5_1,08,3,1838.0,1838,5,4375640.0,5095,0.04200528379848434,4316262.0,5016,0.04258314254324691,FAC_DEL,No,No,Sí hasta el año de referencia 2023,Sí en 2024: BP5_1 cambia de significado,No,No recomendado,base_de_datos_envipe_2012_dbf.zip,Tmod_Vic.DBF,d7caa74ea4264d59fecfc1d1959824051adfe43613514e2e5ca22f24f31548f5,https://www.inegi.org.mx/programas/envipe/2012/,https://www.inegi.org.mx/contenido/productos/prod_serv/contenidos/espanol/bvinegi/productos/metodologias/ENVIPE2012/Manual_ENT/ENVIPE12_Manual_ENT.pdf,https://www.inegi.org.mx/contenidos/programas/envipe/2025/doc/889463926689.pdf,BP5_1 clasifica el medio/tipo de extorsión hasta ENVIPE 2024 (datos 2023).
2012,2011,Nacional,Incidentes delictivos estimados,SERIE_HISTORICA_MODALIDAD,EXTORSION_MEDIOS_TELECOM,Extorsiones por teléfono o internet/correo electrónico,Extorsión,Teléfono o internet/correo electrónico (unión),estimado,BP5_1,08,1|3,3895988.0,3895988,4596,4375640.0,5095,89.03812927937399,4316262.0,5016,90.26300998410198,FAC_DEL,No,No,Sí hasta el año de referencia 2023,Sí en 2024: BP5_1 cambia de significado,No,No recomendado,base_de_datos_envipe_2012_dbf.zip,Tmod_Vic.DBF,d7caa74ea4264d59fecfc1d1959824051adfe43613514e2e5ca22f24f31548f5,https://www.inegi.org.mx/programas/envipe/2012/,https://www.inegi.org.mx/contenido/productos/prod_serv/contenidos/espanol/bvinegi/productos/metodologias/ENVIPE2012/Manual_ENT/ENVIPE12_Manual_ENT.pdf,https://www.inegi.org.mx/contenidos/programas/envipe/2025/doc/889463926689.pdf,BP5_1 clasifica el medio/tipo de extorsión hasta ENVIPE 2024 (datos 2023).
2012,2011,Nacional,Incidentes delictivos estimados,SERIE_HISTORICA_MODALIDAD,EXTORSION_TELEFONICA,Extorsiones telefónicas,Extorsión,Llamada telefónica,estimado,BP5_1,08,1,3894150.0,3894150,4591,4375640.0,5095,88.9961239955755,4316262.0,5016,90.22042684155875,FAC_DEL,No,No,Sí hasta el año de referencia 2023,Sí en 2024: BP5_1 cambia de significado,No,No recomendado,base_de_datos_envipe_2012_dbf.zip,Tmod_Vic.DBF,d7caa74ea4264d59fecfc1d1959824051adfe43613514e2e5ca22f24f31548f5,https://www.inegi.org.mx/programas/envipe/2012/,https://www.inegi.org.mx/contenido/productos/prod_serv/contenidos/espanol/bvinegi/productos/metodologias/ENVIPE2012/Manual_ENT/ENVIPE12_Manual_ENT.pdf,https://www.inegi.org.mx/contenidos/programas/envipe/2025/doc/889463926689.pdf,BP5_1 clasifica el medio/tipo de extorsión hasta ENVIPE 2024 (datos 2023).
2012,2011,Nacional,Incidentes delictivos estimados,SERIE_HISTORICA_MODALIDAD,FRAUDE_INTERNET_CORREO,Fraudes por internet o correo electrónico,Fraude,Internet/correo electrónico,estimado,BP4_1,07,4,31878.0,31878,33,832275.0,1107,3.8302243849689104,792816.0,1029,4.020857298540897,FAC_DEL,No,No,Condicionada: desde 2012 cambia la clasificación y cobertura del fraude,No,No,No recomendado,base_de_datos_envipe_2012_dbf.zip,Tmod_Vic.DBF,d7caa74ea4264d59fecfc1d1959824051adfe43613514e2e5ca22f24f31548f5,https://www.inegi.org.mx/programas/envipe/2012/,https://www.inegi.org.mx/contenido/productos/prod_serv/contenidos/espanol/bvinegi/productos/metodologias/ENVIPE2012/Manual_ENT/ENVIPE12_Manual_ENT.pdf,https://www.inegi.org.mx/contenidos/programas/envipe/2025/doc/889463926689.pdf,ENVIPE 2012: BP4_1=4 es internet/correo; BPCOD=07 histórico.
2013,2012,Nacional,Incidentes delictivos estimados,SERIE_HISTORICA_ARMONIZADA,TOTAL_FRAUDE_EXTORSION_TELECOM_ARMONIZADO,Total armonizado: fraude por internet/correo y extorsión por teléfono o internet/correo,Fraude + extorsión,Medios de telecomunicaciones definidos por preguntas históricas,estimado,BP4_1+BP5_1,07|08|09,"BP4_1=5;BP5_1=1,3",5583722.0,5583722,5913,8616633.0,9646,64.80166905100867,8448991.0,9467,66.08744168386498,FAC_DEL,No,No,"Armonizada, no estrictamente comparable; ruptura conceptual en 2012",No estimable con la misma definición en 2024,No,No recomendado,bd_envipe13_dbf.zip,tmod_vic.dbf,b0b9fd1d1dafc12c22162bf695aa3c95ad4c8e86bf00171f082f69e79b54f890,https://www.inegi.org.mx/programas/envipe/2013/,https://www.inegi.org.mx/contenidos/programas/envipe/2013/doc/envipe13_manual_ent.pdf | https://www.inegi.org.mx/contenidos/programas/envipe/2024/doc/cuest_modulo_envipe2024.pdf,https://www.inegi.org.mx/contenidos/programas/envipe/2025/doc/889463926689.pdf,Suma sin doble conteo porque fraude y extorsión son BPCOD distintos. No incluye amenazas ni hostigamiento antes de 2024 porque el instrumento no captaba su medio de comisión.
2013,2012,Nacional,Incidentes delictivos estimados,SERIE_HISTORICA_MODALIDAD,EXTORSION_INTERNET_CORREO,Extorsiones por internet o correo electrónico,Extorsión,Internet/correo electrónico,estimado,BP5_1,09,3,23379.0,23379,23,5994034.0,6388,0.3900378276132568,5899651.0,6297,0.3962776781202821,FAC_DEL,No,No,Sí hasta el año de referencia 2023,Sí en 2024: BP5_1 cambia de significado,No,No recomendado,bd_envipe13_dbf.zip,tmod_vic.dbf,b0b9fd1d1dafc12c22162bf695aa3c95ad4c8e86bf00171f082f69e79b54f890,https://www.inegi.org.mx/programas/envipe/2013/,https://www.inegi.org.mx/contenidos/programas/envipe/2024/doc/cuest_modulo_envipe2024.pdf,https://www.inegi.org.mx/contenidos/programas/envipe/2025/doc/889463926689.pdf,BP5_1 clasifica el medio/tipo de extorsión hasta ENVIPE 2024 (datos 2023).
2013,2012,Nacional,Incidentes delictivos estimados,SERIE_HISTORICA_MODALIDAD,EXTORSION_MEDIOS_TELECOM,Extorsiones por teléfono o internet/correo electrónico,Extorsión,Teléfono o internet/correo electrónico (unión),estimado,BP5_1,09,1|3,5528720.0,5528720,5834,5994034.0,6388,92.2370477044341,5899651.0,6297,93.71266198627681,FAC_DEL,No,No,Sí hasta el año de referencia 2023,Sí en 2024: BP5_1 cambia de significado,No,No recomendado,bd_envipe13_dbf.zip,tmod_vic.dbf,b0b9fd1d1dafc12c22162bf695aa3c95ad4c8e86bf00171f082f69e79b54f890,https://www.inegi.org.mx/programas/envipe/2013/,https://www.inegi.org.mx/contenidos/programas/envipe/2024/doc/cuest_modulo_envipe2024.pdf,https://www.inegi.org.mx/contenidos/programas/envipe/2025/doc/889463926689.pdf,BP5_1 clasifica el medio/tipo de extorsión hasta ENVIPE 2024 (datos 2023).
2013,2012,Nacional,Incidentes delictivos estimados,SERIE_HISTORICA_MODALIDAD,EXTORSION_TELEFONICA,Extorsiones telefónicas,Extorsión,Llamada telefónica,estimado,BP5_1,09,1,5505341.0,5505341,5811,5994034.0,6388,91.84700987682085,5899651.0,6297,93.31638430815653,FAC_DEL,No,No,Sí hasta el año de referencia 2023,Sí en 2024: BP5_1 cambia de significado,No,No recomendado,bd_envipe13_dbf.zip,tmod_vic.dbf,b0b9fd1d1dafc12c22162bf695aa3c95ad4c8e86bf00171f082f69e79b54f890,https://www.inegi.org.mx/programas/envipe/2013/,https://www.inegi.org.mx/contenidos/programas/envipe/2024/doc/cuest_modulo_envipe2024.pdf,https://www.inegi.org.mx/contenidos/programas/envipe/2025/doc/889463926689.pdf,BP5_1 clasifica el medio/tipo de extorsión hasta ENVIPE 2024 (datos 2023).
2013,2012,Nacional,Incidentes delictivos estimados,SERIE_HISTORICA_MODALIDAD,FRAUDE_INTERNET_CORREO,Fraudes por internet o correo electrónico,Fraude,Internet/correo electrónico,estimado,BP4_1,07|08,5,55002.0,55002,79,2622599.0,3258,2.0972325544240658,2549340.0,3170,2.157499588128692,FAC_DEL,No,No,Condicionada: desde 2012 cambia la clasificación y cobertura del fraude,No,No,No recomendado,bd_envipe13_dbf.zip,tmod_vic.dbf,b0b9fd1d1dafc12c22162bf695aa3c95ad4c8e86bf00171f082f69e79b54f890,https://www.inegi.org.mx/programas/envipe/2013/,https://www.inegi.org.mx/contenidos/programas/envipe/2013/doc/envipe13_manual_ent.pdf,https://www.inegi.org.mx/contenidos/programas/envipe/2025/doc/889463926689.pdf,Desde datos 2012: fraude BPCOD=07/08 y BP4_1=5 es internet/correo electrónico.
2014,2013,Nacional,Incidentes delictivos estimados,SERIE_HISTORICA_ARMONIZADA,TOTAL_FRAUDE_EXTORSION_TELECOM_ARMONIZADO,Total armonizado: fraude por internet/correo y extorsión por teléfono o internet/correo,Fraude + extorsión,Medios de telecomunicaciones definidos por preguntas históricas,estimado,BP4_1+BP5_1,07|08|09,"BP4_1=5;BP5_1=1,3",7387592.0,7387592,6025,10963501.0,9267,67.38351189095528,10932506.0,9235,67.5745524402182,FAC_DEL,No,No,"Armonizada, no estrictamente comparable; ruptura conceptual en 2012",No estimable con la misma definición en 2024,No,No recomendado,bd_envipe2014_dbf.zip,bd_envipe2014/bd_envipe2014/TMod_Vic.dbf,8f1d0eb519a0ceabe36d187d9a49734dbef97f219b86eea9084ebd1818973f77,https://www.inegi.org.mx/programas/envipe/2014/,https://www.inegi.org.mx/contenidos/programas/envipe/2024/doc/cuest_modulo_envipe2024.pdf | https://www.inegi.org.mx/contenidos/programas/envipe/2024/doc/cuest_modulo_envipe2024.pdf,https://www.inegi.org.mx/contenidos/programas/envipe/2025/doc/889463926689.pdf,Suma sin doble conteo porque fraude y extorsión son BPCOD distintos. No incluye amenazas ni hostigamiento antes de 2024 porque el instrumento no captaba su medio de comisión.
2014,2013,Nacional,Incidentes delictivos estimados,SERIE_HISTORICA_MODALIDAD,EXTORSION_INTERNET_CORREO,Extorsiones por internet o correo electrónico,Extorsión,Internet/correo electrónico,estimado,BP5_1,09,3,17266.0,17266,17,7794040.0,6373,0.22152824465873924,7770369.0,6351,0.2222030897116984,FAC_DEL,No,No,Sí hasta el año de referencia 2023,Sí en 2024: BP5_1 cambia de significado,No,No recomendado,bd_envipe2014_dbf.zip,bd_envipe2014/bd_envipe2014/TMod_Vic.dbf,8f1d0eb519a0ceabe36d187d9a49734dbef97f219b86eea9084ebd1818973f77,https://www.inegi.org.mx/programas/envipe/2014/,https://www.inegi.org.mx/contenidos/programas/envipe/2024/doc/cuest_modulo_envipe2024.pdf,https://www.inegi.org.mx/contenidos/programas/envipe/2025/doc/889463926689.pdf,BP5_1 clasifica el medio/tipo de extorsión hasta ENVIPE 2024 (datos 2023).
2014,2013,Nacional,Incidentes delictivos estimados,SERIE_HISTORICA_MODALIDAD,EXTORSION_MEDIOS_TELECOM,Extorsiones por teléfono o internet/correo electrónico,Extorsión,Teléfono o internet/correo electrónico (unión),estimado,BP5_1,09,1|3,7340444.0,7340444,5982,7794040.0,6373,94.18021975766098,7770369.0,6351,94.467122475136,FAC_DEL,No,No,Sí hasta el año de referencia 2023,Sí en 2024: BP5_1 cambia de significado,No,No recomendado,bd_envipe2014_dbf.zip,bd_envipe2014/bd_envipe2014/TMod_Vic.dbf,8f1d0eb519a0ceabe36d187d9a49734dbef97f219b86eea9084ebd1818973f77,https://www.inegi.org.mx/programas/envipe/2014/,https://www.inegi.org.mx/contenidos/programas/envipe/2024/doc/cuest_modulo_envipe2024.pdf,https://www.inegi.org.mx/contenidos/programas/envipe/2025/doc/889463926689.pdf,BP5_1 clasifica el medio/tipo de extorsión hasta ENVIPE 2024 (datos 2023).
2014,2013,Nacional,Incidentes delictivos estimados,SERIE_HISTORICA_MODALIDAD,EXTORSION_TELEFONICA,Extorsiones telefónicas,Extorsión,Llamada telefónica,estimado,BP5_1,09,1,7323178.0,7323178,5965,7794040.0,6373,93.95869151300225,7770369.0,6351,94.2449193854243,FAC_DEL,No,No,Sí hasta el año de referencia 2023,Sí en 2024: BP5_1 cambia de significado,No,No recomendado,bd_envipe2014_dbf.zip,bd_envipe2014/bd_envipe2014/TMod_Vic.dbf,8f1d0eb519a0ceabe36d187d9a49734dbef97f219b86eea9084ebd1818973f77,https://www.inegi.org.mx/programas/envipe/2014/,https://www.inegi.org.mx/contenidos/programas/envipe/2024/doc/cuest_modulo_envipe2024.pdf,https://www.inegi.org.mx/contenidos/programas/envipe/2025/doc/889463926689.pdf,BP5_1 clasifica el medio/tipo de extorsión hasta ENVIPE 2024 (datos 2023).
2014,2013,Nacional,Incidentes delictivos estimados,SERIE_HISTORICA_MODALIDAD,FRAUDE_INTERNET_CORREO,Fraudes por internet o correo electrónico,Fraude,Internet/correo electrónico,estimado,BP4_1,07|08,5,47148.0,47148,43,3169461.0,2894,1.487571546076762,3162137.0,2884,1.4910169926223942,FAC_DEL,No,No,Condicionada: desde 2012 cambia la clasificación y cobertura del fraude,No,No,No recomendado,bd_envipe2014_dbf.zip,bd_envipe2014/bd_envipe2014/TMod_Vic.dbf,8f1d0eb519a0ceabe36d187d9a49734dbef97f219b86eea9084ebd1818973f77,https://www.inegi.org.mx/programas/envipe/2014/,https://www.inegi.org.mx/contenidos/programas/envipe/2024/doc/cuest_modulo_envipe2024.pdf,https://www.inegi.org.mx/contenidos/programas/envipe/2025/doc/889463926689.pdf,Desde datos 2012: fraude BPCOD=07/08 y BP4_1=5 es internet/correo electrónico.
2015,2014,Nacional,Incidentes delictivos estimados,SERIE_HISTORICA_ARMONIZADA,TOTAL_FRAUDE_EXTORSION_TELECOM_ARMONIZADO,Total armonizado: fraude por internet/correo y extorsión por teléfono o internet/correo,Fraude + extorsión,Medios de telecomunicaciones definidos por preguntas históricas,estimado,BP4_1+BP5_1,07|08|09,"BP4_1=5;BP5_1=1,3",7613118.0,7613118,6743,11412342.0,10351,66.70951501453426,11361933.0,10310,67.00548225376791,FAC_DEL,No,No,"Armonizada, no estrictamente comparable; ruptura conceptual en 2012",No estimable con la misma definición en 2024,No,No recomendado,bd_envipe2015_dbf.zip,TMod_Vic.dbf,6c2fcb165a179b0ca5e7d956a3673b375d26309be5a4748eabc31545add66a8d,https://www.inegi.org.mx/programas/envipe/2015/,https://www.inegi.org.mx/contenidos/programas/envipe/2024/doc/cuest_modulo_envipe2024.pdf | https://www.inegi.org.mx/contenidos/programas/envipe/2024/doc/cuest_modulo_envipe2024.pdf,https://www.inegi.org.mx/contenidos/programas/envipe/2025/doc/889463926689.pdf,Suma sin doble conteo porque fraude y extorsión son BPCOD distintos. No incluye amenazas ni hostigamiento antes de 2024 porque el instrumento no captaba su medio de comisión.
2015,2014,Nacional,Incidentes delictivos estimados,SERIE_HISTORICA_MODALIDAD,EXTORSION_INTERNET_CORREO,Extorsiones por internet o correo electrónico,Extorsión,Internet/correo electrónico,estimado,BP5_1,09,3,16294.0,16294,17,7969585.0,7113,0.20445230209603138,7955322.0,7091,0.20481886214033826,FAC_DEL,No,No,Sí hasta el año de referencia 2023,Sí en 2024: BP5_1 cambia de significado,No,No recomendado,bd_envipe2015_dbf.zip,TMod_Vic.dbf,6c2fcb165a179b0ca5e7d956a3673b375d26309be5a4748eabc31545add66a8d,https://www.inegi.org.mx/programas/envipe/2015/,https://www.inegi.org.mx/contenidos/programas/envipe/2024/doc/cuest_modulo_envipe2024.pdf,https://www.inegi.org.mx/contenidos/programas/envipe/2025/doc/889463926689.pdf,BP5_1 clasifica el medio/tipo de extorsión hasta ENVIPE 2024 (datos 2023).
2015,2014,Nacional,Incidentes delictivos estimados,SERIE_HISTORICA_MODALIDAD,EXTORSION_MEDIOS_TELECOM,Extorsiones por teléfono o internet/correo electrónico,Extorsión,Teléfono o internet/correo electrónico (unión),estimado,BP5_1,09,1|3,7563190.0,7563190,6688,7969585.0,7113,94.9006755056882,7955322.0,7091,95.07082177189056,FAC_DEL,No,No,Sí hasta el año de referencia 2023,Sí en 2024: BP5_1 cambia de significado,No,No recomendado,bd_envipe2015_dbf.zip,TMod_Vic.dbf,6c2fcb165a179b0ca5e7d956a3673b375d26309be5a4748eabc31545add66a8d,https://www.inegi.org.mx/programas/envipe/2015/,https://www.inegi.org.mx/contenidos/programas/envipe/2024/doc/cuest_modulo_envipe2024.pdf,https://www.inegi.org.mx/contenidos/programas/envipe/2025/doc/889463926689.pdf,BP5_1 clasifica el medio/tipo de extorsión hasta ENVIPE 2024 (datos 2023).
2015,2014,Nacional,Incidentes delictivos estimados,SERIE_HISTORICA_MODALIDAD,EXTORSION_TELEFONICA,Extorsiones telefónicas,Extorsión,Llamada telefónica,estimado,BP5_1,09,1,7546896.0,7546896,6671,7969585.0,7113,94.69622320359215,7955322.0,7091,94.86600290975022,FAC_DEL,No,No,Sí hasta el año de referencia 2023,Sí en 2024: BP5_1 cambia de significado,No,No recomendado,bd_envipe2015_dbf.zip,TMod_Vic.dbf,6c2fcb165a179b0ca5e7d956a3673b375d26309be5a4748eabc31545add66a8d,https://www.inegi.org.mx/programas/envipe/2015/,https://www.inegi.org.mx/contenidos/programas/envipe/2024/doc/cuest_modulo_envipe2024.pdf,https://www.inegi.org.mx/contenidos/programas/envipe/2025/doc/889463926689.pdf,BP5_1 clasifica el medio/tipo de extorsión hasta ENVIPE 2024 (datos 2023).
2015,2014,Nacional,Incidentes delictivos estimados,SERIE_HISTORICA_MODALIDAD,FRAUDE_INTERNET_CORREO,Fraudes por internet o correo electrónico,Fraude,Internet/correo electrónico,estimado,BP4_1,07|08,5,49928.0,49928,55,3442757.0,3238,1.4502330544967303,3406611.0,3219,1.4656208178744212,FAC_DEL,No,No,Condicionada: desde 2012 cambia la clasificación y cobertura del fraude,No,No,No recomendado,bd_envipe2015_dbf.zip,TMod_Vic.dbf,6c2fcb165a179b0ca5e7d956a3673b375d26309be5a4748eabc31545add66a8d,https://www.inegi.org.mx/programas/envipe/2015/,https://www.inegi.org.mx/contenidos/programas/envipe/2024/doc/cuest_modulo_envipe2024.pdf,https://www.inegi.org.mx/contenidos/programas/envipe/2025/doc/889463926689.pdf,Desde datos 2012: fraude BPCOD=07/08 y BP4_1=5 es internet/correo electrónico.
2016,2015,Nacional,Incidentes delictivos estimados,SERIE_HISTORICA_ARMONIZADA,TOTAL_FRAUDE_EXTORSION_TELECOM_ARMONIZADO,Total armonizado: fraude por internet/correo y extorsión por teléfono o internet/correo,Fraude + extorsión,Medios de telecomunicaciones definidos por preguntas históricas,estimado,BP4_1+BP5_1,07|08|09,"BP4_1=5;BP5_1=1,3",6719954.0,6719954,6256,10326043.0,9828,65.07772628876327,10250853.0,9739,65.55507136820712,FAC_DEL,No,No,"Armonizada, no estrictamente comparable; ruptura conceptual en 2012",No estimable con la misma definición en 2024,No,No recomendado,bd_envipe2016_dbf.zip,TMod_Vic.dbf,8c939550590bbb7941c65a2c9a3d87d8654cfe529e969f51265fe65974ef68a4,https://www.inegi.org.mx/programas/envipe/2016/,https://www.inegi.org.mx/contenidos/programas/envipe/2024/doc/cuest_modulo_envipe2024.pdf | https://www.inegi.org.mx/contenidos/programas/envipe/2024/doc/cuest_modulo_envipe2024.pdf,https://www.inegi.org.mx/contenidos/programas/envipe/2025/doc/889463926689.pdf,Suma sin doble conteo porque fraude y extorsión son BPCOD distintos. No incluye amenazas ni hostigamiento antes de 2024 porque el instrumento no captaba su medio de comisión.
2016,2015,Nacional,Incidentes delictivos estimados,SERIE_HISTORICA_MODALIDAD,EXTORSION_INTERNET_CORREO,Extorsiones por internet o correo electrónico,Extorsión,Internet/correo electrónico,estimado,BP5_1,09,3,2318.0,2318,7,7100878.0,6655,0.032643850521020076,7055406.0,6596,0.03285423971349062,FAC_DEL,No,No,Sí hasta el año de referencia 2023,Sí en 2024: BP5_1 cambia de significado,No,No recomendado,bd_envipe2016_dbf.zip,TMod_Vic.dbf,8c939550590bbb7941c65a2c9a3d87d8654cfe529e969f51265fe65974ef68a4,https://www.inegi.org.mx/programas/envipe/2016/,https://www.inegi.org.mx/contenidos/programas/envipe/2024/doc/cuest_modulo_envipe2024.pdf,https://www.inegi.org.mx/contenidos/programas/envipe/2025/doc/889463926689.pdf,BP5_1 clasifica el medio/tipo de extorsión hasta ENVIPE 2024 (datos 2023).
2016,2015,Nacional,Incidentes delictivos estimados,SERIE_HISTORICA_MODALIDAD,EXTORSION_MEDIOS_TELECOM,Extorsiones por teléfono o internet/correo electrónico,Extorsión,Teléfono o internet/correo electrónico (unión),estimado,BP5_1,09,1|3,6679495.0,6679495,6214,7100878.0,6655,94.06576200858542,7055406.0,6596,94.67201462254617,FAC_DEL,No,No,Sí hasta el año de referencia 2023,Sí en 2024: BP5_1 cambia de significado,No,No recomendado,bd_envipe2016_dbf.zip,TMod_Vic.dbf,8c939550590bbb7941c65a2c9a3d87d8654cfe529e969f51265fe65974ef68a4,https://www.inegi.org.mx/programas/envipe/2016/,https://www.inegi.org.mx/contenidos/programas/envipe/2024/doc/cuest_modulo_envipe2024.pdf,https://www.inegi.org.mx/contenidos/programas/envipe/2025/doc/889463926689.pdf,BP5_1 clasifica el medio/tipo de extorsión hasta ENVIPE 2024 (datos 2023).
2016,2015,Nacional,Incidentes delictivos estimados,SERIE_HISTORICA_MODALIDAD,EXTORSION_TELEFONICA,Extorsiones telefónicas,Extorsión,Llamada telefónica,estimado,BP5_1,09,1,6677177.0,6677177,6207,7100878.0,6655,94.0331181580644,7055406.0,6596,94.63916038283267,FAC_DEL,No,No,Sí hasta el año de referencia 2023,Sí en 2024: BP5_1 cambia de significado,No,No recomendado,bd_envipe2016_dbf.zip,TMod_Vic.dbf,8c939550590bbb7941c65a2c9a3d87d8654cfe529e969f51265fe65974ef68a4,https://www.inegi.org.mx/programas/envipe/2016/,https://www.inegi.org.mx/contenidos/programas/envipe/2024/doc/cuest_modulo_envipe2024.pdf,https://www.inegi.org.mx/contenidos/programas/envipe/2025/doc/889463926689.pdf,BP5_1 clasifica el medio/tipo de extorsión hasta ENVIPE 2024 (datos 2023).
2016,2015,Nacional,Incidentes delictivos estimados,SERIE_HISTORICA_MODALIDAD,FRAUDE_INTERNET_CORREO,Fraudes por internet o correo electrónico,Fraude,Internet/correo electrónico,estimado,BP4_1,07|08,5,40459.0,40459,42,3225165.0,3173,1.2544784530403872,3195447.0,3143,1.2661452372704038,FAC_DEL,No,No,Condicionada: desde 2012 cambia la clasificación y cobertura del fraude,No,No,No recomendado,bd_envipe2016_dbf.zip,TMod_Vic.dbf,8c939550590bbb7941c65a2c9a3d87d8654cfe529e969f51265fe65974ef68a4,https://www.inegi.org.mx/programas/envipe/2016/,https://www.inegi.org.mx/contenidos/programas/envipe/2024/doc/cuest_modulo_envipe2024.pdf,https://www.inegi.org.mx/contenidos/programas/envipe/2025/doc/889463926689.pdf,Desde datos 2012: fraude BPCOD=07/08 y BP4_1=5 es internet/correo electrónico.
2017,2016,Nacional,Incidentes delictivos estimados,SERIE_HISTORICA_ARMONIZADA,TOTAL_FRAUDE_EXTORSION_TELECOM_ARMONIZADO,Total armonizado: fraude por internet/correo y extorsión por teléfono o internet/correo,Fraude + extorsión,Medios de telecomunicaciones definidos por preguntas históricas,estimado,BP4_1+BP5_1,07|08|09,"BP4_1=5;BP5_1=1,3",7238643.0,7238643,7078,11409609.0,11272,63.44339231957905,11332391.0,11237,63.87569048755907,FAC_DEL,No,No,"Armonizada, no estrictamente comparable; ruptura conceptual en 2012",No estimable con la misma definición en 2024,No,No recomendado,bd_envipe2017_dbf.zip,BASE_DE_DATOS_ENVIPE_2017_en/TMod_Vic.dbf,86df9910dae338d4c4487e6760e8e3ba1a752c8a8fcda967a8af152ad49d8f74,https://www.inegi.org.mx/programas/envipe/2017/,https://www.inegi.org.mx/contenidos/programas/envipe/2024/doc/cuest_modulo_envipe2024.pdf | https://www.inegi.org.mx/contenidos/programas/envipe/2024/doc/cuest_modulo_envipe2024.pdf,https://www.inegi.org.mx/contenidos/programas/envipe/2025/doc/889463926689.pdf,Suma sin doble conteo porque fraude y extorsión son BPCOD distintos. No incluye amenazas ni hostigamiento antes de 2024 porque el instrumento no captaba su medio de comisión.
2017,2016,Nacional,Incidentes delictivos estimados,SERIE_HISTORICA_MODALIDAD,EXTORSION_INTERNET_CORREO,Extorsiones por internet o correo electrónico,Extorsión,Internet/correo electrónico,estimado,BP5_1,09,3,9217.0,9217,11,7503477.0,7386,0.12283638638460542,7492515.0,7372,0.12301610340453106,FAC_DEL,No,No,Sí hasta el año de referencia 2023,Sí en 2024: BP5_1 cambia de significado,No,No recomendado,bd_envipe2017_dbf.zip,BASE_DE_DATOS_ENVIPE_2017_en/TMod_Vic.dbf,86df9910dae338d4c4487e6760e8e3ba1a752c8a8fcda967a8af152ad49d8f74,https://www.inegi.org.mx/programas/envipe/2017/,https://www.inegi.org.mx/contenidos/programas/envipe/2024/doc/cuest_modulo_envipe2024.pdf,https://www.inegi.org.mx/contenidos/programas/envipe/2025/doc/889463926689.pdf,BP5_1 clasifica el medio/tipo de extorsión hasta ENVIPE 2024 (datos 2023).
2017,2016,Nacional,Incidentes delictivos estimados,SERIE_HISTORICA_MODALIDAD,EXTORSION_MEDIOS_TELECOM,Extorsiones por teléfono o internet/correo electrónico,Extorsión,Teléfono o internet/correo electrónico (unión),estimado,BP5_1,09,1|3,7179236.0,7179236,7019,7503477.0,7386,95.6787899796321,7492515.0,7372,95.81877380292198,FAC_DEL,No,No,Sí hasta el año de referencia 2023,Sí en 2024: BP5_1 cambia de significado,No,No recomendado,bd_envipe2017_dbf.zip,BASE_DE_DATOS_ENVIPE_2017_en/TMod_Vic.dbf,86df9910dae338d4c4487e6760e8e3ba1a752c8a8fcda967a8af152ad49d8f74,https://www.inegi.org.mx/programas/envipe/2017/,https://www.inegi.org.mx/contenidos/programas/envipe/2024/doc/cuest_modulo_envipe2024.pdf,https://www.inegi.org.mx/contenidos/programas/envipe/2025/doc/889463926689.pdf,BP5_1 clasifica el medio/tipo de extorsión hasta ENVIPE 2024 (datos 2023).
2017,2016,Nacional,Incidentes delictivos estimados,SERIE_HISTORICA_MODALIDAD,EXTORSION_TELEFONICA,Extorsiones telefónicas,Extorsión,Llamada telefónica,estimado,BP5_1,09,1,7170019.0,7170019,7008,7503477.0,7386,95.5559535932475,7492515.0,7372,95.69575769951744,FAC_DEL,No,No,Sí hasta el año de referencia 2023,Sí en 2024: BP5_1 cambia de significado,No,No recomendado,bd_envipe2017_dbf.zip,BASE_DE_DATOS_ENVIPE_2017_en/TMod_Vic.dbf,86df9910dae338d4c4487e6760e8e3ba1a752c8a8fcda967a8af152ad49d8f74,https://www.inegi.org.mx/programas/envipe/2017/,https://www.inegi.org.mx/contenidos/programas/envipe/2024/doc/cuest_modulo_envipe2024.pdf,https://www.inegi.org.mx/contenidos/programas/envipe/2025/doc/889463926689.pdf,BP5_1 clasifica el medio/tipo de extorsión hasta ENVIPE 2024 (datos 2023).
2017,2016,Nacional,Incidentes delictivos estimados,SERIE_HISTORICA_MODALIDAD,FRAUDE_INTERNET_CORREO,Fraudes por internet o correo electrónico,Fraude,Internet/correo electrónico,estimado,BP4_1,07|08,5,59407.0,59407,59,3906132.0,3886,1.5208651422942185,3839876.0,3865,1.547107250338292,FAC_DEL,No,No,Condicionada: desde 2012 cambia la clasificación y cobertura del fraude,No,No,No recomendado,bd_envipe2017_dbf.zip,BASE_DE_DATOS_ENVIPE_2017_en/TMod_Vic.dbf,86df9910dae338d4c4487e6760e8e3ba1a752c8a8fcda967a8af152ad49d8f74,https://www.inegi.org.mx/programas/envipe/2017/,https://www.inegi.org.mx/contenidos/programas/envipe/2024/doc/cuest_modulo_envipe2024.pdf,https://www.inegi.org.mx/contenidos/programas/envipe/2025/doc/889463926689.pdf,Desde datos 2012: fraude BPCOD=07/08 y BP4_1=5 es internet/correo electrónico.
2018,2017,Nacional,Incidentes delictivos estimados,SERIE_HISTORICA_ARMONIZADA,TOTAL_FRAUDE_EXTORSION_TELECOM_ARMONIZADO,Total armonizado: fraude por internet/correo y extorsión por teléfono o internet/correo,Fraude + extorsión,Medios de telecomunicaciones definidos por preguntas históricas,estimado,BP4_1+BP5_1,07|08|09,"BP4_1=5;BP5_1=1,3",6262743.0,6262743,6140,11151411.0,10906,56.160991644913814,11097222.0,10868,56.43523216891578,FAC_DEL,No,No,"Armonizada, no estrictamente comparable; ruptura conceptual en 2012",No estimable con la misma definición en 2024,No,No recomendado,bd_envipe2018_dbf.zip,BASE_DE_DATOS_ENVIPE_2018_dbf/TMod_Vic.dbf,8f0b102637183047f9123972e369fade1bf056f8f0a19801d36798f290b37cfb,https://www.inegi.org.mx/programas/envipe/2018/,https://www.inegi.org.mx/contenidos/programas/envipe/2024/doc/cuest_modulo_envipe2024.pdf | https://www.inegi.org.mx/contenidos/programas/envipe/2024/doc/cuest_modulo_envipe2024.pdf,https://www.inegi.org.mx/contenidos/programas/envipe/2025/doc/889463926689.pdf,Suma sin doble conteo porque fraude y extorsión son BPCOD distintos. No incluye amenazas ni hostigamiento antes de 2024 porque el instrumento no captaba su medio de comisión.
2018,2017,Nacional,Incidentes delictivos estimados,SERIE_HISTORICA_MODALIDAD,EXTORSION_INTERNET_CORREO,Extorsiones por internet o correo electrónico,Extorsión,Internet/correo electrónico,estimado,BP5_1,09,3,6356.0,6356,5,6590728.0,6401,0.09643851180021387,6574720.0,6385,0.09667331840747591,FAC_DEL,No,No,Sí hasta el año de referencia 2023,Sí en 2024: BP5_1 cambia de significado,No,No recomendado,bd_envipe2018_dbf.zip,BASE_DE_DATOS_ENVIPE_2018_dbf/TMod_Vic.dbf,8f0b102637183047f9123972e369fade1bf056f8f0a19801d36798f290b37cfb,https://www.inegi.org.mx/programas/envipe/2018/,https://www.inegi.org.mx/contenidos/programas/envipe/2024/doc/cuest_modulo_envipe2024.pdf,https://www.inegi.org.mx/contenidos/programas/envipe/2025/doc/889463926689.pdf,BP5_1 clasifica el medio/tipo de extorsión hasta ENVIPE 2024 (datos 2023).
2018,2017,Nacional,Incidentes delictivos estimados,SERIE_HISTORICA_MODALIDAD,EXTORSION_MEDIOS_TELECOM,Extorsiones por teléfono o internet/correo electrónico,Extorsión,Teléfono o internet/correo electrónico (unión),estimado,BP5_1,09,1|3,6145974.0,6145974,6029,6590728.0,6401,93.25182286387786,6574720.0,6385,93.47887058308186,FAC_DEL,No,No,Sí hasta el año de referencia 2023,Sí en 2024: BP5_1 cambia de significado,No,No recomendado,bd_envipe2018_dbf.zip,BASE_DE_DATOS_ENVIPE_2018_dbf/TMod_Vic.dbf,8f0b102637183047f9123972e369fade1bf056f8f0a19801d36798f290b37cfb,https://www.inegi.org.mx/programas/envipe/2018/,https://www.inegi.org.mx/contenidos/programas/envipe/2024/doc/cuest_modulo_envipe2024.pdf,https://www.inegi.org.mx/contenidos/programas/envipe/2025/doc/889463926689.pdf,BP5_1 clasifica el medio/tipo de extorsión hasta ENVIPE 2024 (datos 2023).
2018,2017,Nacional,Incidentes delictivos estimados,SERIE_HISTORICA_MODALIDAD,EXTORSION_TELEFONICA,Extorsiones telefónicas,Extorsión,Llamada telefónica,estimado,BP5_1,09,1,6139618.0,6139618,6024,6590728.0,6401,93.15538435207765,6574720.0,6385,93.38219726467439,FAC_DEL,No,No,Sí hasta el año de referencia 2023,Sí en 2024: BP5_1 cambia de significado,No,No recomendado,bd_envipe2018_dbf.zip,BASE_DE_DATOS_ENVIPE_2018_dbf/TMod_Vic.dbf,8f0b102637183047f9123972e369fade1bf056f8f0a19801d36798f290b37cfb,https://www.inegi.org.mx/programas/envipe/2018/,https://www.inegi.org.mx/contenidos/programas/envipe/2024/doc/cuest_modulo_envipe2024.pdf,https://www.inegi.org.mx/contenidos/programas/envipe/2025/doc/889463926689.pdf,BP5_1 clasifica el medio/tipo de extorsión hasta ENVIPE 2024 (datos 2023).
2018,2017,Nacional,Incidentes delictivos estimados,SERIE_HISTORICA_MODALIDAD,FRAUDE_INTERNET_CORREO,Fraudes por internet o correo electrónico,Fraude,Internet/correo electrónico,estimado,BP4_1,07|08,5,116769.0,116769,111,4560683.0,4505,2.56034019465944,4522502.0,4483,2.581955740428639,FAC_DEL,No,No,Condicionada: desde 2012 cambia la clasificación y cobertura del fraude,No,No,No recomendado,bd_envipe2018_dbf.zip,BASE_DE_DATOS_ENVIPE_2018_dbf/TMod_Vic.dbf,8f0b102637183047f9123972e369fade1bf056f8f0a19801d36798f290b37cfb,https://www.inegi.org.mx/programas/envipe/2018/,https://www.inegi.org.mx/contenidos/programas/envipe/2024/doc/cuest_modulo_envipe2024.pdf,https://www.inegi.org.mx/contenidos/programas/envipe/2025/doc/889463926689.pdf,Desde datos 2012: fraude BPCOD=07/08 y BP4_1=5 es internet/correo electrónico.
2019,2018,Nacional,Incidentes delictivos estimados,SERIE_HISTORICA_ARMONIZADA,TOTAL_FRAUDE_EXTORSION_TELECOM_ARMONIZADO,Total armonizado: fraude por internet/correo y extorsión por teléfono o internet/correo,Fraude + extorsión,Medios de telecomunicaciones definidos por preguntas históricas,estimado,BP4_1+BP5_1,07|08|09,"BP4_1=5;BP5_1=1,3",5473387.0,5473387,5468,10432419.0,10575,52.46517610153503,10386385.0,10534,52.697709549568984,FAC_DEL,No,No,"Armonizada, no estrictamente comparable; ruptura conceptual en 2012",No estimable con la misma definición en 2024,No,No recomendado,bd_envipe2019_dbf.zip,TMod_Vic.dbf,f7cb0d6f3317cfa0ad1beb071704267da17ecd8b7e8faeb9e7942a27c86c0046,https://www.inegi.org.mx/programas/envipe/2019/,https://www.inegi.org.mx/contenidos/programas/envipe/2024/doc/cuest_modulo_envipe2024.pdf | https://www.inegi.org.mx/contenidos/programas/envipe/2024/doc/cuest_modulo_envipe2024.pdf,https://www.inegi.org.mx/contenidos/programas/envipe/2025/doc/889463926689.pdf,Suma sin doble conteo porque fraude y extorsión son BPCOD distintos. No incluye amenazas ni hostigamiento antes de 2024 porque el instrumento no captaba su medio de comisión.
2019,2018,Nacional,Incidentes delictivos estimados,SERIE_HISTORICA_MODALIDAD,EXTORSION_INTERNET_CORREO,Extorsiones por internet o correo electrónico,Extorsión,Internet/correo electrónico,estimado,BP5_1,09,3,28330.0,28330,23,5716346.0,5722,0.4955963127494382,5686738.0,5700,0.49817663483002034,FAC_DEL,No,No,Sí hasta el año de referencia 2023,Sí en 2024: BP5_1 cambia de significado,No,No recomendado,bd_envipe2019_dbf.zip,TMod_Vic.dbf,f7cb0d6f3317cfa0ad1beb071704267da17ecd8b7e8faeb9e7942a27c86c0046,https://www.inegi.org.mx/programas/envipe/2019/,https://www.inegi.org.mx/contenidos/programas/envipe/2024/doc/cuest_modulo_envipe2024.pdf,https://www.inegi.org.mx/contenidos/programas/envipe/2025/doc/889463926689.pdf,BP5_1 clasifica el medio/tipo de extorsión hasta ENVIPE 2024 (datos 2023).
2019,2018,Nacional,Incidentes delictivos estimados,SERIE_HISTORICA_MODALIDAD,EXTORSION_MEDIOS_TELECOM,Extorsiones por teléfono o internet/correo electrónico,Extorsión,Teléfono o internet/correo electrónico (unión),estimado,BP5_1,09,1|3,5263729.0,5263729,5270,5716346.0,5722,92.08205731423536,5686738.0,5700,92.56148252302111,FAC_DEL,No,No,Sí hasta el año de referencia 2023,Sí en 2024: BP5_1 cambia de significado,No,No recomendado,bd_envipe2019_dbf.zip,TMod_Vic.dbf,f7cb0d6f3317cfa0ad1beb071704267da17ecd8b7e8faeb9e7942a27c86c0046,https://www.inegi.org.mx/programas/envipe/2019/,https://www.inegi.org.mx/contenidos/programas/envipe/2024/doc/cuest_modulo_envipe2024.pdf,https://www.inegi.org.mx/contenidos/programas/envipe/2025/doc/889463926689.pdf,BP5_1 clasifica el medio/tipo de extorsión hasta ENVIPE 2024 (datos 2023).
2019,2018,Nacional,Incidentes delictivos estimados,SERIE_HISTORICA_MODALIDAD,EXTORSION_TELEFONICA,Extorsiones telefónicas,Extorsión,Llamada telefónica,estimado,BP5_1,09,1,5235399.0,5235399,5247,5716346.0,5722,91.58646100148592,5686738.0,5700,92.06330588819108,FAC_DEL,No,No,Sí hasta el año de referencia 2023,Sí en 2024: BP5_1 cambia de significado,No,No recomendado,bd_envipe2019_dbf.zip,TMod_Vic.dbf,f7cb0d6f3317cfa0ad1beb071704267da17ecd8b7e8faeb9e7942a27c86c0046,https://www.inegi.org.mx/programas/envipe/2019/,https://www.inegi.org.mx/contenidos/programas/envipe/2024/doc/cuest_modulo_envipe2024.pdf,https://www.inegi.org.mx/contenidos/programas/envipe/2025/doc/889463926689.pdf,BP5_1 clasifica el medio/tipo de extorsión hasta ENVIPE 2024 (datos 2023).
2019,2018,Nacional,Incidentes delictivos estimados,SERIE_HISTORICA_MODALIDAD,FRAUDE_INTERNET_CORREO,Fraudes por internet o correo electrónico,Fraude,Internet/correo electrónico,estimado,BP4_1,07|08,5,209658.0,209658,198,4716073.0,4853,4.445605485750539,4699647.0,4834,4.461143570995864,FAC_DEL,No,No,Condicionada: desde 2012 cambia la clasificación y cobertura del fraude,No,No,No recomendado,bd_envipe2019_dbf.zip,TMod_Vic.dbf,f7cb0d6f3317cfa0ad1beb071704267da17ecd8b7e8faeb9e7942a27c86c0046,https://www.inegi.org.mx/programas/envipe/2019/,https://www.inegi.org.mx/contenidos/programas/envipe/2024/doc/cuest_modulo_envipe2024.pdf,https://www.inegi.org.mx/contenidos/programas/envipe/2025/doc/889463926689.pdf,Desde datos 2012: fraude BPCOD=07/08 y BP4_1=5 es internet/correo electrónico.
2020,2019,Nacional,Incidentes delictivos estimados,SERIE_HISTORICA_ARMONIZADA,TOTAL_FRAUDE_EXTORSION_TELECOM_ARMONIZADO,Total armonizado: fraude por internet/correo y extorsión por teléfono o internet/correo,Fraude + extorsión,Medios de telecomunicaciones definidos por preguntas históricas,estimado,BP4_1+BP5_1,07|08|09,"BP4_1=5;BP5_1=1,3",4342611.0,4342611,3994,9194094.0,8640,47.232614763346994,9137769.0,8589,47.52375552500835,FAC_DEL,No,No,"Armonizada, no estrictamente comparable; ruptura conceptual en 2012",No estimable con la misma definición en 2024,No,No recomendado,bd_envipe_2020_dbf.zip,bd_envipe_2020_dbf/TMod_Vic.dbf,8d12bb0f71f13693367320c35cabfc1f7734a455ab43918856b16f83afb75348,https://www.inegi.org.mx/programas/envipe/2020/,https://www.inegi.org.mx/contenidos/programas/envipe/2024/doc/cuest_modulo_envipe2024.pdf | https://www.inegi.org.mx/contenidos/programas/envipe/2024/doc/cuest_modulo_envipe2024.pdf,https://www.inegi.org.mx/contenidos/programas/envipe/2025/doc/889463926689.pdf,Suma sin doble conteo porque fraude y extorsión son BPCOD distintos. No incluye amenazas ni hostigamiento antes de 2024 porque el instrumento no captaba su medio de comisión.
2020,2019,Nacional,Incidentes delictivos estimados,SERIE_HISTORICA_MODALIDAD,EXTORSION_INTERNET_CORREO,Extorsiones por internet o correo electrónico,Extorsión,Internet/correo electrónico,estimado,BP5_1,09,3,30568.0,30568,24,4617275.0,4212,0.6620355079565328,4582632.0,4186,0.6670402511046054,FAC_DEL,No,No,Sí hasta el año de referencia 2023,Sí en 2024: BP5_1 cambia de significado,No,No recomendado,bd_envipe_2020_dbf.zip,bd_envipe_2020_dbf/TMod_Vic.dbf,8d12bb0f71f13693367320c35cabfc1f7734a455ab43918856b16f83afb75348,https://www.inegi.org.mx/programas/envipe/2020/,https://www.inegi.org.mx/contenidos/programas/envipe/2024/doc/cuest_modulo_envipe2024.pdf,https://www.inegi.org.mx/contenidos/programas/envipe/2025/doc/889463926689.pdf,BP5_1 clasifica el medio/tipo de extorsión hasta ENVIPE 2024 (datos 2023).
2020,2019,Nacional,Incidentes delictivos estimados,SERIE_HISTORICA_MODALIDAD,EXTORSION_MEDIOS_TELECOM,Extorsiones por teléfono o internet/correo electrónico,Extorsión,Teléfono o internet/correo electrónico (unión),estimado,BP5_1,09,1|3,4134251.0,4134251,3791,4617275.0,4212,89.53876474760546,4582632.0,4186,90.21564463391344,FAC_DEL,No,No,Sí hasta el año de referencia 2023,Sí en 2024: BP5_1 cambia de significado,No,No recomendado,bd_envipe_2020_dbf.zip,bd_envipe_2020_dbf/TMod_Vic.dbf,8d12bb0f71f13693367320c35cabfc1f7734a455ab43918856b16f83afb75348,https://www.inegi.org.mx/programas/envipe/2020/,https://www.inegi.org.mx/contenidos/programas/envipe/2024/doc/cuest_modulo_envipe2024.pdf,https://www.inegi.org.mx/contenidos/programas/envipe/2025/doc/889463926689.pdf,BP5_1 clasifica el medio/tipo de extorsión hasta ENVIPE 2024 (datos 2023).
2020,2019,Nacional,Incidentes delictivos estimados,SERIE_HISTORICA_MODALIDAD,EXTORSION_TELEFONICA,Extorsiones telefónicas,Extorsión,Llamada telefónica,estimado,BP5_1,09,1,4103683.0,4103683,3767,4617275.0,4212,88.87672923964892,4582632.0,4186,89.54860438280883,FAC_DEL,No,No,Sí hasta el año de referencia 2023,Sí en 2024: BP5_1 cambia de significado,No,No recomendado,bd_envipe_2020_dbf.zip,bd_envipe_2020_dbf/TMod_Vic.dbf,8d12bb0f71f13693367320c35cabfc1f7734a455ab43918856b16f83afb75348,https://www.inegi.org.mx/programas/envipe/2020/,https://www.inegi.org.mx/contenidos/programas/envipe/2024/doc/cuest_modulo_envipe2024.pdf,https://www.inegi.org.mx/contenidos/programas/envipe/2025/doc/889463926689.pdf,BP5_1 clasifica el medio/tipo de extorsión hasta ENVIPE 2024 (datos 2023).
2020,2019,Nacional,Incidentes delictivos estimados,SERIE_HISTORICA_MODALIDAD,FRAUDE_INTERNET_CORREO,Fraudes por internet o correo electrónico,Fraude,Internet/correo electrónico,estimado,BP4_1,07|08,5,208360.0,208360,203,4576819.0,4428,4.552506883055677,4555137.0,4403,4.574176363960074,FAC_DEL,No,No,Condicionada: desde 2012 cambia la clasificación y cobertura del fraude,No,No,No recomendado,bd_envipe_2020_dbf.zip,bd_envipe_2020_dbf/TMod_Vic.dbf,8d12bb0f71f13693367320c35cabfc1f7734a455ab43918856b16f83afb75348,https://www.inegi.org.mx/programas/envipe/2020/,https://www.inegi.org.mx/contenidos/programas/envipe/2024/doc/cuest_modulo_envipe2024.pdf,https://www.inegi.org.mx/contenidos/programas/envipe/2025/doc/889463926689.pdf,Desde datos 2012: fraude BPCOD=07/08 y BP4_1=5 es internet/correo electrónico.
2021,2020,Nacional,Incidentes delictivos estimados,SERIE_HISTORICA_ARMONIZADA,TOTAL_FRAUDE_EXTORSION_TELECOM_ARMONIZADO,Total armonizado: fraude por internet/correo y extorsión por teléfono o internet/correo,Fraude + extorsión,Medios de telecomunicaciones definidos por preguntas históricas,estimado,BP4_1+BP5_1,07|08|09,"BP4_1=5;BP5_1=1,3",4475070.0,4475070,4278,9993328.0,9809,44.78057760137564,9942732.0,9776,45.00845441675387,FAC_DEL,No,No,"Armonizada, no estrictamente comparable; ruptura conceptual en 2012",No estimable con la misma definición en 2024,No,No recomendado,bd_envipe_2021_dbf.zip,bd_envipe_2021_dbf/TMod_Vic.dbf,ad7857c0696ddc5cdd209fa09f28bffa149394a229b459e0aff43badf53cdce9,https://www.inegi.org.mx/programas/envipe/2021/,https://www.inegi.org.mx/contenidos/programas/envipe/2024/doc/cuest_modulo_envipe2024.pdf | https://www.inegi.org.mx/contenidos/programas/envipe/2024/doc/cuest_modulo_envipe2024.pdf,https://www.inegi.org.mx/contenidos/programas/envipe/2025/doc/889463926689.pdf,Suma sin doble conteo porque fraude y extorsión son BPCOD distintos. No incluye amenazas ni hostigamiento antes de 2024 porque el instrumento no captaba su medio de comisión.
2021,2020,Nacional,Incidentes delictivos estimados,SERIE_HISTORICA_MODALIDAD,EXTORSION_INTERNET_CORREO,Extorsiones por internet o correo electrónico,Extorsión,Internet/correo electrónico,estimado,BP5_1,09,3,29963.0,29963,41,4660898.0,4446,0.6428589512149805,4629881.0,4427,0.6471656614932436,FAC_DEL,No,No,Sí hasta el año de referencia 2023,Sí en 2024: BP5_1 cambia de significado,No,No recomendado,bd_envipe_2021_dbf.zip,bd_envipe_2021_dbf/TMod_Vic.dbf,ad7857c0696ddc5cdd209fa09f28bffa149394a229b459e0aff43badf53cdce9,https://www.inegi.org.mx/programas/envipe/2021/,https://www.inegi.org.mx/contenidos/programas/envipe/2024/doc/cuest_modulo_envipe2024.pdf,https://www.inegi.org.mx/contenidos/programas/envipe/2025/doc/889463926689.pdf,BP5_1 clasifica el medio/tipo de extorsión hasta ENVIPE 2024 (datos 2023).
2021,2020,Nacional,Incidentes delictivos estimados,SERIE_HISTORICA_MODALIDAD,EXTORSION_MEDIOS_TELECOM,Extorsiones por teléfono o internet/correo electrónico,Extorsión,Teléfono o internet/correo electrónico (unión),estimado,BP5_1,09,1|3,4259094.0,4259094,4051,4660898.0,4446,91.3792578168413,4629881.0,4427,91.99143563301087,FAC_DEL,No,No,Sí hasta el año de referencia 2023,Sí en 2024: BP5_1 cambia de significado,No,No recomendado,bd_envipe_2021_dbf.zip,bd_envipe_2021_dbf/TMod_Vic.dbf,ad7857c0696ddc5cdd209fa09f28bffa149394a229b459e0aff43badf53cdce9,https://www.inegi.org.mx/programas/envipe/2021/,https://www.inegi.org.mx/contenidos/programas/envipe/2024/doc/cuest_modulo_envipe2024.pdf,https://www.inegi.org.mx/contenidos/programas/envipe/2025/doc/889463926689.pdf,BP5_1 clasifica el medio/tipo de extorsión hasta ENVIPE 2024 (datos 2023).
2021,2020,Nacional,Incidentes delictivos estimados,SERIE_HISTORICA_MODALIDAD,EXTORSION_TELEFONICA,Extorsiones telefónicas,Extorsión,Llamada telefónica,estimado,BP5_1,09,1,4229131.0,4229131,4010,4660898.0,4446,90.73639886562633,4629881.0,4427,91.34426997151762,FAC_DEL,No,No,Sí hasta el año de referencia 2023,Sí en 2024: BP5_1 cambia de significado,No,No recomendado,bd_envipe_2021_dbf.zip,bd_envipe_2021_dbf/TMod_Vic.dbf,ad7857c0696ddc5cdd209fa09f28bffa149394a229b459e0aff43badf53cdce9,https://www.inegi.org.mx/programas/envipe/2021/,https://www.inegi.org.mx/contenidos/programas/envipe/2024/doc/cuest_modulo_envipe2024.pdf,https://www.inegi.org.mx/contenidos/programas/envipe/2025/doc/889463926689.pdf,BP5_1 clasifica el medio/tipo de extorsión hasta ENVIPE 2024 (datos 2023).
2021,2020,Nacional,Incidentes delictivos estimados,SERIE_HISTORICA_MODALIDAD,FRAUDE_INTERNET_CORREO,Fraudes por internet o correo electrónico,Fraude,Internet/correo electrónico,estimado,BP4_1,07|08,5,215976.0,215976,227,5332430.0,5363,4.050236008723978,5312851.0,5349,4.065162000590643,FAC_DEL,No,No,Condicionada: desde 2012 cambia la clasificación y cobertura del fraude,No,No,No recomendado,bd_envipe_2021_dbf.zip,bd_envipe_2021_dbf/TMod_Vic.dbf,ad7857c0696ddc5cdd209fa09f28bffa149394a229b459e0aff43badf53cdce9,https://www.inegi.org.mx/programas/envipe/2021/,https://www.inegi.org.mx/contenidos/programas/envipe/2024/doc/cuest_modulo_envipe2024.pdf,https://www.inegi.org.mx/contenidos/programas/envipe/2025/doc/889463926689.pdf,Desde datos 2012: fraude BPCOD=07/08 y BP4_1=5 es internet/correo electrónico.
2022,2021,Nacional,Incidentes delictivos estimados,SERIE_HISTORICA_ARMONIZADA,TOTAL_FRAUDE_EXTORSION_TELECOM_ARMONIZADO,Total armonizado: fraude por internet/correo y extorsión por teléfono o internet/correo,Fraude + extorsión,Medios de telecomunicaciones definidos por preguntas históricas,estimado,BP4_1+BP5_1,07|08|09,"BP4_1=5;BP5_1=1,3",4666842.0,4666842,4453,10306194.0,9850,45.28191493387374,10291467.0,9832,45.346712961330006,FAC_DEL,No,No,"Armonizada, no estrictamente comparable; ruptura conceptual en 2012",No estimable con la misma definición en 2024,No,No recomendado,bd_envipe_2022_dbf.zip,TMod_Vic.dbf,70ce4e2a0056660d5dd94cd611ae7832b21cf1892c196fa9ee0ef2cc9236729a,https://www.inegi.org.mx/programas/envipe/2022/,https://www.inegi.org.mx/contenidos/programas/envipe/2024/doc/cuest_modulo_envipe2024.pdf | https://www.inegi.org.mx/contenidos/programas/envipe/2024/doc/cuest_modulo_envipe2024.pdf,https://www.inegi.org.mx/contenidos/programas/envipe/2025/doc/889463926689.pdf,Suma sin doble conteo porque fraude y extorsión son BPCOD distintos. No incluye amenazas ni hostigamiento antes de 2024 porque el instrumento no captaba su medio de comisión.
2022,2021,Nacional,Incidentes delictivos estimados,SERIE_HISTORICA_MODALIDAD,EXTORSION_INTERNET_CORREO,Extorsiones por internet o correo electrónico,Extorsión,Internet/correo electrónico,estimado,BP5_1,09,3,33064.0,33064,39,4910206.0,4612,0.6733729705026632,4897669.0,4597,0.6750966633310662,FAC_DEL,No,No,Sí hasta el año de referencia 2023,Sí en 2024: BP5_1 cambia de significado,No,No recomendado,bd_envipe_2022_dbf.zip,TMod_Vic.dbf,70ce4e2a0056660d5dd94cd611ae7832b21cf1892c196fa9ee0ef2cc9236729a,https://www.inegi.org.mx/programas/envipe/2022/,https://www.inegi.org.mx/contenidos/programas/envipe/2024/doc/cuest_modulo_envipe2024.pdf,https://www.inegi.org.mx/contenidos/programas/envipe/2025/doc/889463926689.pdf,BP5_1 clasifica el medio/tipo de extorsión hasta ENVIPE 2024 (datos 2023).
2022,2021,Nacional,Incidentes delictivos estimados,SERIE_HISTORICA_MODALIDAD,EXTORSION_MEDIOS_TELECOM,Extorsiones por teléfono o internet/correo electrónico,Extorsión,Teléfono o internet/correo electrónico (unión),estimado,BP5_1,09,1|3,4465266.0,4465266,4242,4910206.0,4612,90.93846571813891,4897669.0,4597,91.17124901662403,FAC_DEL,No,No,Sí hasta el año de referencia 2023,Sí en 2024: BP5_1 cambia de significado,No,No recomendado,bd_envipe_2022_dbf.zip,TMod_Vic.dbf,70ce4e2a0056660d5dd94cd611ae7832b21cf1892c196fa9ee0ef2cc9236729a,https://www.inegi.org.mx/programas/envipe/2022/,https://www.inegi.org.mx/contenidos/programas/envipe/2024/doc/cuest_modulo_envipe2024.pdf,https://www.inegi.org.mx/contenidos/programas/envipe/2025/doc/889463926689.pdf,BP5_1 clasifica el medio/tipo de extorsión hasta ENVIPE 2024 (datos 2023).
2022,2021,Nacional,Incidentes delictivos estimados,SERIE_HISTORICA_MODALIDAD,EXTORSION_TELEFONICA,Extorsiones telefónicas,Extorsión,Llamada telefónica,estimado,BP5_1,09,1,4432202.0,4432202,4203,4910206.0,4612,90.26509274763626,4897669.0,4597,90.49615235329297,FAC_DEL,No,No,Sí hasta el año de referencia 2023,Sí en 2024: BP5_1 cambia de significado,No,No recomendado,bd_envipe_2022_dbf.zip,TMod_Vic.dbf,70ce4e2a0056660d5dd94cd611ae7832b21cf1892c196fa9ee0ef2cc9236729a,https://www.inegi.org.mx/programas/envipe/2022/,https://www.inegi.org.mx/contenidos/programas/envipe/2024/doc/cuest_modulo_envipe2024.pdf,https://www.inegi.org.mx/contenidos/programas/envipe/2025/doc/889463926689.pdf,BP5_1 clasifica el medio/tipo de extorsión hasta ENVIPE 2024 (datos 2023).
2022,2021,Nacional,Incidentes delictivos estimados,SERIE_HISTORICA_MODALIDAD,FRAUDE_INTERNET_CORREO,Fraudes por internet o correo electrónico,Fraude,Internet/correo electrónico,estimado,BP4_1,07|08,5,201576.0,201576,211,5395988.0,5238,3.7356643491423625,5393798.0,5235,3.737181110601472,FAC_DEL,No,No,Condicionada: desde 2012 cambia la clasificación y cobertura del fraude,No,No,No recomendado,bd_envipe_2022_dbf.zip,TMod_Vic.dbf,70ce4e2a0056660d5dd94cd611ae7832b21cf1892c196fa9ee0ef2cc9236729a,https://www.inegi.org.mx/programas/envipe/2022/,https://www.inegi.org.mx/contenidos/programas/envipe/2024/doc/cuest_modulo_envipe2024.pdf,https://www.inegi.org.mx/contenidos/programas/envipe/2025/doc/889463926689.pdf,Desde datos 2012: fraude BPCOD=07/08 y BP4_1=5 es internet/correo electrónico.
2023,2022,Nacional,Incidentes delictivos estimados,SERIE_HISTORICA_ARMONIZADA,TOTAL_FRAUDE_EXTORSION_TELECOM_ARMONIZADO,Total armonizado: fraude por internet/correo y extorsión por teléfono o internet/correo,Fraude + extorsión,Medios de telecomunicaciones definidos por preguntas históricas,estimado,BP4_1+BP5_1,07|08|09,"BP4_1=5;BP5_1=1,3",4552968.0,4552968,4372,10121014.0,9961,44.98529495167184,10111523.0,9946,45.02751959324031,FAC_DEL,No,No,"Armonizada, no estrictamente comparable; ruptura conceptual en 2012",No estimable con la misma definición en 2024,No,No recomendado,bd_envipe_2023_dbf.zip,TMod_Vic.dbf,829806a21611df053ea05cc5fa804bbbe7ba701a91601a2c52f3e312d5175b53,https://www.inegi.org.mx/programas/envipe/2023/,https://www.inegi.org.mx/contenidos/programas/envipe/2024/doc/cuest_modulo_envipe2024.pdf | https://www.inegi.org.mx/contenidos/programas/envipe/2024/doc/cuest_modulo_envipe2024.pdf,https://www.inegi.org.mx/contenidos/programas/envipe/2025/doc/889463926689.pdf,Suma sin doble conteo porque fraude y extorsión son BPCOD distintos. No incluye amenazas ni hostigamiento antes de 2024 porque el instrumento no captaba su medio de comisión.
2023,2022,Nacional,Incidentes delictivos estimados,SERIE_HISTORICA_MODALIDAD,EXTORSION_INTERNET_CORREO,Extorsiones por internet o correo electrónico,Extorsión,Internet/correo electrónico,estimado,BP5_1,09,3,51623.0,51623,57,4726724.0,4616,1.0921517736174144,4721250.0,4607,1.093418056658724,FAC_DEL,No,No,Sí hasta el año de referencia 2023,Sí en 2024: BP5_1 cambia de significado,No,No recomendado,bd_envipe_2023_dbf.zip,TMod_Vic.dbf,829806a21611df053ea05cc5fa804bbbe7ba701a91601a2c52f3e312d5175b53,https://www.inegi.org.mx/programas/envipe/2023/,https://www.inegi.org.mx/contenidos/programas/envipe/2024/doc/cuest_modulo_envipe2024.pdf,https://www.inegi.org.mx/contenidos/programas/envipe/2025/doc/889463926689.pdf,BP5_1 clasifica el medio/tipo de extorsión hasta ENVIPE 2024 (datos 2023).
2023,2022,Nacional,Incidentes delictivos estimados,SERIE_HISTORICA_MODALIDAD,EXTORSION_MEDIOS_TELECOM,Extorsiones por teléfono o internet/correo electrónico,Extorsión,Teléfono o internet/correo electrónico (unión),estimado,BP5_1,09,1|3,4309753.0,4309753,4173,4726724.0,4616,91.17843563533644,4721250.0,4607,91.28415144294414,FAC_DEL,No,No,Sí hasta el año de referencia 2023,Sí en 2024: BP5_1 cambia de significado,No,No recomendado,bd_envipe_2023_dbf.zip,TMod_Vic.dbf,829806a21611df053ea05cc5fa804bbbe7ba701a91601a2c52f3e312d5175b53,https://www.inegi.org.mx/programas/envipe/2023/,https://www.inegi.org.mx/contenidos/programas/envipe/2024/doc/cuest_modulo_envipe2024.pdf,https://www.inegi.org.mx/contenidos/programas/envipe/2025/doc/889463926689.pdf,BP5_1 clasifica el medio/tipo de extorsión hasta ENVIPE 2024 (datos 2023).
2023,2022,Nacional,Incidentes delictivos estimados,SERIE_HISTORICA_MODALIDAD,EXTORSION_TELEFONICA,Extorsiones telefónicas,Extorsión,Llamada telefónica,estimado,BP5_1,09,1,4258130.0,4258130,4116,4726724.0,4616,90.08628386171902,4721250.0,4607,90.19073338628542,FAC_DEL,No,No,Sí hasta el año de referencia 2023,Sí en 2024: BP5_1 cambia de significado,No,No recomendado,bd_envipe_2023_dbf.zip,TMod_Vic.dbf,829806a21611df053ea05cc5fa804bbbe7ba701a91601a2c52f3e312d5175b53,https://www.inegi.org.mx/programas/envipe/2023/,https://www.inegi.org.mx/contenidos/programas/envipe/2024/doc/cuest_modulo_envipe2024.pdf,https://www.inegi.org.mx/contenidos/programas/envipe/2025/doc/889463926689.pdf,BP5_1 clasifica el medio/tipo de extorsión hasta ENVIPE 2024 (datos 2023).
2023,2022,Nacional,Incidentes delictivos estimados,SERIE_HISTORICA_MODALIDAD,FRAUDE_INTERNET_CORREO,Fraudes por internet o correo electrónico,Fraude,Internet/correo electrónico,estimado,BP4_1,07|08,5,243215.0,243215,199,5394290.0,5345,4.508749066142161,5390273.0,5339,4.512109126940324,FAC_DEL,No,No,Condicionada: desde 2012 cambia la clasificación y cobertura del fraude,No,No,No recomendado,bd_envipe_2023_dbf.zip,TMod_Vic.dbf,829806a21611df053ea05cc5fa804bbbe7ba701a91601a2c52f3e312d5175b53,https://www.inegi.org.mx/programas/envipe/2023/,https://www.inegi.org.mx/contenidos/programas/envipe/2024/doc/cuest_modulo_envipe2024.pdf,https://www.inegi.org.mx/contenidos/programas/envipe/2025/doc/889463926689.pdf,Desde datos 2012: fraude BPCOD=07/08 y BP4_1=5 es internet/correo electrónico.
2024,2023,Nacional,Incidentes delictivos estimados,SERIE_HISTORICA_ARMONIZADA,TOTAL_FRAUDE_EXTORSION_TELECOM_ARMONIZADO,Total armonizado: fraude por internet/correo y extorsión por teléfono o internet/correo,Fraude + extorsión,Medios de telecomunicaciones definidos por preguntas históricas,estimado,BP4_1+BP5_1,07|08|09,"BP4_1=5;BP5_1=1,3",4612688.0,4612688,4266,11449345.0,10534,40.2877893888253,11398697.0,10503,40.46680072292473,FAC_DEL,No,No,"Armonizada, no estrictamente comparable; ruptura conceptual en 2012",No estimable con la misma definición en 2024,No,No recomendado,bd_envipe_2024_dbf.zip,TMod_Vic.dbf,ece8512747e7c6035e77d5c077a41e5cb433431a37a4cbcfa5ad1eeb7c8c5578,https://www.inegi.org.mx/programas/envipe/2024/,https://www.inegi.org.mx/contenidos/programas/envipe/2024/doc/cuest_modulo_envipe2024.pdf | https://www.inegi.org.mx/contenidos/programas/envipe/2024/doc/cuest_modulo_envipe2024.pdf,https://www.inegi.org.mx/contenidos/programas/envipe/2025/doc/889463926689.pdf,Suma sin doble conteo porque fraude y extorsión son BPCOD distintos. No incluye amenazas ni hostigamiento antes de 2024 porque el instrumento no captaba su medio de comisión.
2024,2023,Nacional,Incidentes delictivos estimados,SERIE_HISTORICA_MODALIDAD,EXTORSION_INTERNET_CORREO,Extorsiones por internet o correo electrónico,Extorsión,Internet/correo electrónico,estimado,BP5_1,09,3,88319.0,88319,90,4902122.0,4468,1.801648347389151,4859228.0,4442,1.8175520885210572,FAC_DEL,No,No,Sí hasta el año de referencia 2023,Sí en 2024: BP5_1 cambia de significado,No,No recomendado,bd_envipe_2024_dbf.zip,TMod_Vic.dbf,ece8512747e7c6035e77d5c077a41e5cb433431a37a4cbcfa5ad1eeb7c8c5578,https://www.inegi.org.mx/programas/envipe/2024/,https://www.inegi.org.mx/contenidos/programas/envipe/2024/doc/cuest_modulo_envipe2024.pdf,https://www.inegi.org.mx/contenidos/programas/envipe/2025/doc/889463926689.pdf,BP5_1 clasifica el medio/tipo de extorsión hasta ENVIPE 2024 (datos 2023).
2024,2023,Nacional,Incidentes delictivos estimados,SERIE_HISTORICA_MODALIDAD,EXTORSION_MEDIOS_TELECOM,Extorsiones por teléfono o internet/correo electrónico,Extorsión,Teléfono o internet/correo electrónico (unión),estimado,BP5_1,09,1|3,4282862.0,4282862,3983,4902122.0,4468,87.3675114572832,4859228.0,4442,88.13873314855776,FAC_DEL,No,No,Sí hasta el año de referencia 2023,Sí en 2024: BP5_1 cambia de significado,No,No recomendado,bd_envipe_2024_dbf.zip,TMod_Vic.dbf,ece8512747e7c6035e77d5c077a41e5cb433431a37a4cbcfa5ad1eeb7c8c5578,https://www.inegi.org.mx/programas/envipe/2024/,https://www.inegi.org.mx/contenidos/programas/envipe/2024/doc/cuest_modulo_envipe2024.pdf,https://www.inegi.org.mx/contenidos/programas/envipe/2025/doc/889463926689.pdf,BP5_1 clasifica el medio/tipo de extorsión hasta ENVIPE 2024 (datos 2023).
2024,2023,Nacional,Incidentes delictivos estimados,SERIE_HISTORICA_MODALIDAD,EXTORSION_TELEFONICA,Extorsiones telefónicas,Extorsión,Llamada telefónica,estimado,BP5_1,09,1,4194543.0,4194543,3893,4902122.0,4468,85.56586310989405,4859228.0,4442,86.32118106003671,FAC_DEL,No,No,Sí hasta el año de referencia 2023,Sí en 2024: BP5_1 cambia de significado,No,No recomendado,bd_envipe_2024_dbf.zip,TMod_Vic.dbf,ece8512747e7c6035e77d5c077a41e5cb433431a37a4cbcfa5ad1eeb7c8c5578,https://www.inegi.org.mx/programas/envipe/2024/,https://www.inegi.org.mx/contenidos/programas/envipe/2024/doc/cuest_modulo_envipe2024.pdf,https://www.inegi.org.mx/contenidos/programas/envipe/2025/doc/889463926689.pdf,BP5_1 clasifica el medio/tipo de extorsión hasta ENVIPE 2024 (datos 2023).
2024,2023,Nacional,Incidentes delictivos estimados,SERIE_HISTORICA_MODALIDAD,FRAUDE_INTERNET_CORREO,Fraudes por internet o correo electrónico,Fraude,Internet/correo electrónico,estimado,BP4_1,07|08,5,329826.0,329826,283,6547223.0,6066,5.037647258998204,6539469.0,6061,5.0436205141426615,FAC_DEL,No,No,Condicionada: desde 2012 cambia la clasificación y cobertura del fraude,No,No,No recomendado,bd_envipe_2024_dbf.zip,TMod_Vic.dbf,ece8512747e7c6035e77d5c077a41e5cb433431a37a4cbcfa5ad1eeb7c8c5578,https://www.inegi.org.mx/programas/envipe/2024/,https://www.inegi.org.mx/contenidos/programas/envipe/2024/doc/cuest_modulo_envipe2024.pdf,https://www.inegi.org.mx/contenidos/programas/envipe/2025/doc/889463926689.pdf,Desde datos 2012: fraude BPCOD=07/08 y BP4_1=5 es internet/correo electrónico.
2025,2024,Nacional,Incidentes delictivos estimados,SERIE_HISTORICA_MODALIDAD,FRAUDE_INTERNET_CORREO,Fraudes por internet o correo electrónico,Fraude,Internet/correo electrónico,estimado,BP4_1,07|08,5,351065.0,351065,323,7255689.0,6824,4.838479157527287,7241313.0,6818,4.848084870796222,FAC_DEL,No,No,Condicionada: desde 2012 cambia la clasificación y cobertura del fraude,No,No,No recomendado,bd_envipe_2025_dbf.zip,TMod_Vic.dbf,e83c22c5d08b9adcb6b77ecbf7086db479e39d7186a886b72b12b338335e4f91,https://www.inegi.org.mx/programas/envipe/2025/,https://www.inegi.org.mx/contenidos/programas/envipe/2025/doc/fd_envipe2025.pdf,https://www.inegi.org.mx/contenidos/programas/envipe/2025/doc/889463926689.pdf,Desde datos 2012: fraude BPCOD=07/08 y BP4_1=5 es internet/correo electrónico.
2025,2024,Nacional,Incidentes delictivos estimados,SERIE_NUEVA_MEDIO_COMISION_2024,NUEVO_MEDIO_AMENAZAS_INTERNET_ELECTRONICO,Amenazas verbales: Internet o medios electrónicos,Amenazas verbales,Internet o medios electrónicos,estimado,BP1_5A_1|BP1_5A_2|BP1_5A_3|BP1_5A_4|BP1_5A_9,10,BP1_5A_1=1,699379.0,699379,493,4485971.0,3942,15.590359367013296,4453084.0,3922,15.705497583247924,FAC_DEL,Sí,Sí,No comparable directamente con la serie histórica,Nueva pregunta multirrespuesta en ENVIPE 2025,No,No recomendado,bd_envipe_2025_dbf.zip,TMod_Vic.dbf,e83c22c5d08b9adcb6b77ecbf7086db479e39d7186a886b72b12b338335e4f91,https://www.inegi.org.mx/programas/envipe/2025/,https://www.inegi.org.mx/contenidos/programas/envipe/2025/doc/fd_envipe2025.pdf,https://www.inegi.org.mx/contenidos/programas/envipe/2025/doc/889463926689.pdf,"La pregunta 1.5a se aplica únicamente a BPCOD 07, 08, 09, 10 y 13. La suma de internet y teléfono puede exceder la unión porque un incidente puede declarar más de un medio. La fila TELECOM_UNION cuenta cada incidente una sola vez."
2025,2024,Nacional,Incidentes delictivos estimados,SERIE_NUEVA_MEDIO_COMISION_2024,NUEVO_MEDIO_AMENAZAS_LLAMADA_TELEFONICA,Amenazas verbales: Llamada telefónica,Amenazas verbales,Llamada telefónica,estimado,BP1_5A_1|BP1_5A_2|BP1_5A_3|BP1_5A_4|BP1_5A_9,10,BP1_5A_2=1,1103824.0,1103824,1037,4485971.0,3942,24.60613320951027,4453084.0,3922,24.7878548888815,FAC_DEL,Sí,Sí,No comparable directamente con la serie histórica,Nueva pregunta multirrespuesta en ENVIPE 2025,No,No recomendado,bd_envipe_2025_dbf.zip,TMod_Vic.dbf,e83c22c5d08b9adcb6b77ecbf7086db479e39d7186a886b72b12b338335e4f91,https://www.inegi.org.mx/programas/envipe/2025/,https://www.inegi.org.mx/contenidos/programas/envipe/2025/doc/fd_envipe2025.pdf,https://www.inegi.org.mx/contenidos/programas/envipe/2025/doc/889463926689.pdf,"La pregunta 1.5a se aplica únicamente a BPCOD 07, 08, 09, 10 y 13. La suma de internet y teléfono puede exceder la unión porque un incidente puede declarar más de un medio. La fila TELECOM_UNION cuenta cada incidente una sola vez."
2025,2024,Nacional,Incidentes delictivos estimados,SERIE_NUEVA_MEDIO_COMISION_2024,NUEVO_MEDIO_AMENAZAS_TELECOM_UNION,Amenazas verbales: Internet/medios electrónicos o llamada telefónica (unión),Amenazas verbales,Internet/medios electrónicos o llamada telefónica (unión),estimado,BP1_5A_1|BP1_5A_2|BP1_5A_3|BP1_5A_4|BP1_5A_9,10,BP1_5A_1=1 OR BP1_5A_2=1,1741428.0,1741428,1469,4485971.0,3942,38.819421703796124,4453084.0,3922,39.10611162960321,FAC_DEL,Sí,Sí,No comparable directamente con la serie histórica,Nueva pregunta multirrespuesta en ENVIPE 2025,No,No recomendado,bd_envipe_2025_dbf.zip,TMod_Vic.dbf,e83c22c5d08b9adcb6b77ecbf7086db479e39d7186a886b72b12b338335e4f91,https://www.inegi.org.mx/programas/envipe/2025/,https://www.inegi.org.mx/contenidos/programas/envipe/2025/doc/fd_envipe2025.pdf,https://www.inegi.org.mx/contenidos/programas/envipe/2025/doc/889463926689.pdf,"La pregunta 1.5a se aplica únicamente a BPCOD 07, 08, 09, 10 y 13. La suma de internet y teléfono puede exceder la unión porque un incidente puede declarar más de un medio. La fila TELECOM_UNION cuenta cada incidente una sola vez."
2025,2024,Nacional,Incidentes delictivos estimados,SERIE_NUEVA_MEDIO_COMISION_2024,NUEVO_MEDIO_EXTORSION_INTERNET_ELECTRONICO,Extorsión: Internet o medios electrónicos,Extorsión,Internet o medios electrónicos,estimado,BP1_5A_1|BP1_5A_2|BP1_5A_3|BP1_5A_4|BP1_5A_9,09,BP1_5A_1=1,343963.0,343963,327,5719981.0,5334,6.013359135283841,5687264.0,5307,6.047952055680904,FAC_DEL,Sí,Sí,No comparable directamente con la serie histórica,Nueva pregunta multirrespuesta en ENVIPE 2025,No,No recomendado,bd_envipe_2025_dbf.zip,TMod_Vic.dbf,e83c22c5d08b9adcb6b77ecbf7086db479e39d7186a886b72b12b338335e4f91,https://www.inegi.org.mx/programas/envipe/2025/,https://www.inegi.org.mx/contenidos/programas/envipe/2025/doc/fd_envipe2025.pdf,https://www.inegi.org.mx/contenidos/programas/envipe/2025/doc/889463926689.pdf,"La pregunta 1.5a se aplica únicamente a BPCOD 07, 08, 09, 10 y 13. La suma de internet y teléfono puede exceder la unión porque un incidente puede declarar más de un medio. La fila TELECOM_UNION cuenta cada incidente una sola vez."
2025,2024,Nacional,Incidentes delictivos estimados,SERIE_NUEVA_MEDIO_COMISION_2024,NUEVO_MEDIO_EXTORSION_LLAMADA_TELEFONICA,Extorsión: Llamada telefónica,Extorsión,Llamada telefónica,estimado,BP1_5A_1|BP1_5A_2|BP1_5A_3|BP1_5A_4|BP1_5A_9,09,BP1_5A_2=1,4895851.0,4895851,4619,5719981.0,5334,85.59208500867398,5687264.0,5307,86.08446873575765,FAC_DEL,Sí,Sí,No comparable directamente con la serie histórica,Nueva pregunta multirrespuesta en ENVIPE 2025,No,No recomendado,bd_envipe_2025_dbf.zip,TMod_Vic.dbf,e83c22c5d08b9adcb6b77ecbf7086db479e39d7186a886b72b12b338335e4f91,https://www.inegi.org.mx/programas/envipe/2025/,https://www.inegi.org.mx/contenidos/programas/envipe/2025/doc/fd_envipe2025.pdf,https://www.inegi.org.mx/contenidos/programas/envipe/2025/doc/889463926689.pdf,"La pregunta 1.5a se aplica únicamente a BPCOD 07, 08, 09, 10 y 13. La suma de internet y teléfono puede exceder la unión porque un incidente puede declarar más de un medio. La fila TELECOM_UNION cuenta cada incidente una sola vez."
2025,2024,Nacional,Incidentes delictivos estimados,SERIE_NUEVA_MEDIO_COMISION_2024,NUEVO_MEDIO_EXTORSION_TELECOM_UNION,Extorsión: Internet/medios electrónicos o llamada telefónica (unión),Extorsión,Internet/medios electrónicos o llamada telefónica (unión),estimado,BP1_5A_1|BP1_5A_2|BP1_5A_3|BP1_5A_4|BP1_5A_9,09,BP1_5A_1=1 OR BP1_5A_2=1,5179123.0,5179123,4883,5719981.0,5334,90.54440915100942,5687264.0,5307,91.06528200554783,FAC_DEL,Sí,Sí,No comparable directamente con la serie histórica,Nueva pregunta multirrespuesta en ENVIPE 2025,No,No recomendado,bd_envipe_2025_dbf.zip,TMod_Vic.dbf,e83c22c5d08b9adcb6b77ecbf7086db479e39d7186a886b72b12b338335e4f91,https://www.inegi.org.mx/programas/envipe/2025/,https://www.inegi.org.mx/contenidos/programas/envipe/2025/doc/fd_envipe2025.pdf,https://www.inegi.org.mx/contenidos/programas/envipe/2025/doc/889463926689.pdf,"La pregunta 1.5a se aplica únicamente a BPCOD 07, 08, 09, 10 y 13. La suma de internet y teléfono puede exceder la unión porque un incidente puede declarar más de un medio. La fila TELECOM_UNION cuenta cada incidente una sola vez."
2025,2024,Nacional,Incidentes delictivos estimados,SERIE_NUEVA_MEDIO_COMISION_2024,NUEVO_MEDIO_FRAUDE_INTERNET_ELECTRONICO,Fraude: Internet o medios electrónicos,Fraude,Internet o medios electrónicos,estimado,BP1_5A_1|BP1_5A_2|BP1_5A_3|BP1_5A_4|BP1_5A_9,07|08,BP1_5A_1=1,5350580.0,5350580,5175,7255689.0,6824,73.74323789236281,7204071.0,6775,74.271616701168,FAC_DEL,Sí,Sí,No comparable directamente con la serie histórica,Nueva pregunta multirrespuesta en ENVIPE 2025,No,No recomendado,bd_envipe_2025_dbf.zip,TMod_Vic.dbf,e83c22c5d08b9adcb6b77ecbf7086db479e39d7186a886b72b12b338335e4f91,https://www.inegi.org.mx/programas/envipe/2025/,https://www.inegi.org.mx/contenidos/programas/envipe/2025/doc/fd_envipe2025.pdf,https://www.inegi.org.mx/contenidos/programas/envipe/2025/doc/889463926689.pdf,"La pregunta 1.5a se aplica únicamente a BPCOD 07, 08, 09, 10 y 13. La suma de internet y teléfono puede exceder la unión porque un incidente puede declarar más de un medio. La fila TELECOM_UNION cuenta cada incidente una sola vez."
2025,2024,Nacional,Incidentes delictivos estimados,SERIE_NUEVA_MEDIO_COMISION_2024,NUEVO_MEDIO_FRAUDE_LLAMADA_TELEFONICA,Fraude: Llamada telefónica,Fraude,Llamada telefónica,estimado,BP1_5A_1|BP1_5A_2|BP1_5A_3|BP1_5A_4|BP1_5A_9,07|08,BP1_5A_2=1,626605.0,626605,579,7255689.0,6824,8.636050966352059,7204071.0,6775,8.69792926804858,FAC_DEL,Sí,Sí,No comparable directamente con la serie histórica,Nueva pregunta multirrespuesta en ENVIPE 2025,No,No recomendado,bd_envipe_2025_dbf.zip,TMod_Vic.dbf,e83c22c5d08b9adcb6b77ecbf7086db479e39d7186a886b72b12b338335e4f91,https://www.inegi.org.mx/programas/envipe/2025/,https://www.inegi.org.mx/contenidos/programas/envipe/2025/doc/fd_envipe2025.pdf,https://www.inegi.org.mx/contenidos/programas/envipe/2025/doc/889463926689.pdf,"La pregunta 1.5a se aplica únicamente a BPCOD 07, 08, 09, 10 y 13. La suma de internet y teléfono puede exceder la unión porque un incidente puede declarar más de un medio. La fila TELECOM_UNION cuenta cada incidente una sola vez."
2025,2024,Nacional,Incidentes delictivos estimados,SERIE_NUEVA_MEDIO_COMISION_2024,NUEVO_MEDIO_FRAUDE_TELECOM_UNION,Fraude: Internet/medios electrónicos o llamada telefónica (unión),Fraude,Internet/medios electrónicos o llamada telefónica (unión),estimado,BP1_5A_1|BP1_5A_2|BP1_5A_3|BP1_5A_4|BP1_5A_9,07|08,BP1_5A_1=1 OR BP1_5A_2=1,5896760.0,5896760,5691,7255689.0,6824,81.27084829573043,7204071.0,6775,81.85316330169428,FAC_DEL,Sí,Sí,No comparable directamente con la serie histórica,Nueva pregunta multirrespuesta en ENVIPE 2025,No,No recomendado,bd_envipe_2025_dbf.zip,TMod_Vic.dbf,e83c22c5d08b9adcb6b77ecbf7086db479e39d7186a886b72b12b338335e4f91,https://www.inegi.org.mx/programas/envipe/2025/,https://www.inegi.org.mx/contenidos/programas/envipe/2025/doc/fd_envipe2025.pdf,https://www.inegi.org.mx/contenidos/programas/envipe/2025/doc/889463926689.pdf,"La pregunta 1.5a se aplica únicamente a BPCOD 07, 08, 09, 10 y 13. La suma de internet y teléfono puede exceder la unión porque un incidente puede declarar más de un medio. La fila TELECOM_UNION cuenta cada incidente una sola vez."
2025,2024,Nacional,Incidentes delictivos estimados,SERIE_NUEVA_MEDIO_COMISION_2024,NUEVO_MEDIO_HOSTIGAMIENTO_INTERNET_ELECTRONICO,"Hostigamiento, manoseo, exhibicionismo o intento de violación: Internet o medios electrónicos","Hostigamiento, manoseo, exhibicionismo o intento de violación",Internet o medios electrónicos,estimado,BP1_5A_1|BP1_5A_2|BP1_5A_3|BP1_5A_4|BP1_5A_9,13,BP1_5A_1=1,59181.0,59181,65,2237310.0,1606,2.6451855129597597,2236170.0,1603,2.64653402916594,FAC_DEL,Sí,Sí,No comparable directamente con la serie histórica,Nueva pregunta multirrespuesta en ENVIPE 2025,No,No recomendado,bd_envipe_2025_dbf.zip,TMod_Vic.dbf,e83c22c5d08b9adcb6b77ecbf7086db479e39d7186a886b72b12b338335e4f91,https://www.inegi.org.mx/programas/envipe/2025/,https://www.inegi.org.mx/contenidos/programas/envipe/2025/doc/fd_envipe2025.pdf,https://www.inegi.org.mx/contenidos/programas/envipe/2025/doc/889463926689.pdf,"La pregunta 1.5a se aplica únicamente a BPCOD 07, 08, 09, 10 y 13. La suma de internet y teléfono puede exceder la unión porque un incidente puede declarar más de un medio. La fila TELECOM_UNION cuenta cada incidente una sola vez."
2025,2024,Nacional,Incidentes delictivos estimados,SERIE_NUEVA_MEDIO_COMISION_2024,NUEVO_MEDIO_HOSTIGAMIENTO_LLAMADA_TELEFONICA,"Hostigamiento, manoseo, exhibicionismo o intento de violación: Llamada telefónica","Hostigamiento, manoseo, exhibicionismo o intento de violación",Llamada telefónica,estimado,BP1_5A_1|BP1_5A_2|BP1_5A_3|BP1_5A_4|BP1_5A_9,13,BP1_5A_2=1,21789.0,21789,25,2237310.0,1606,0.9738927551389838,2236170.0,1603,0.9743892458981205,FAC_DEL,Sí,Sí,No comparable directamente con la serie histórica,Nueva pregunta multirrespuesta en ENVIPE 2025,No,No recomendado,bd_envipe_2025_dbf.zip,TMod_Vic.dbf,e83c22c5d08b9adcb6b77ecbf7086db479e39d7186a886b72b12b338335e4f91,https://www.inegi.org.mx/programas/envipe/2025/,https://www.inegi.org.mx/contenidos/programas/envipe/2025/doc/fd_envipe2025.pdf,https://www.inegi.org.mx/contenidos/programas/envipe/2025/doc/889463926689.pdf,"La pregunta 1.5a se aplica únicamente a BPCOD 07, 08, 09, 10 y 13. La suma de internet y teléfono puede exceder la unión porque un incidente puede declarar más de un medio. La fila TELECOM_UNION cuenta cada incidente una sola vez."
2025,2024,Nacional,Incidentes delictivos estimados,SERIE_NUEVA_MEDIO_COMISION_2024,NUEVO_MEDIO_HOSTIGAMIENTO_TELECOM_UNION,"Hostigamiento, manoseo, exhibicionismo o intento de violación: Internet/medios electrónicos o llamada telefónica (unión)","Hostigamiento, manoseo, exhibicionismo o intento de violación",Internet/medios electrónicos o llamada telefónica (unión),estimado,BP1_5A_1|BP1_5A_2|BP1_5A_3|BP1_5A_4|BP1_5A_9,13,BP1_5A_1=1 OR BP1_5A_2=1,74948.0,74948,82,2237310.0,1606,3.3499157470355025,2236170.0,1603,3.3516235348833052,FAC_DEL,Sí,Sí,No comparable directamente con la serie histórica,Nueva pregunta multirrespuesta en ENVIPE 2025,No,No recomendado,bd_envipe_2025_dbf.zip,TMod_Vic.dbf,e83c22c5d08b9adcb6b77ecbf7086db479e39d7186a886b72b12b338335e4f91,https://www.inegi.org.mx/programas/envipe/2025/,https://www.inegi.org.mx/contenidos/programas/envipe/2025/doc/fd_envipe2025.pdf,https://www.inegi.org.mx/contenidos/programas/envipe/2025/doc/889463926689.pdf,"La pregunta 1.5a se aplica únicamente a BPCOD 07, 08, 09, 10 y 13. La suma de internet y teléfono puede exceder la unión porque un incidente puede declarar más de un medio. La fila TELECOM_UNION cuenta cada incidente una sola vez."
2025,2024,Nacional,Incidentes delictivos estimados,SERIE_NUEVA_MEDIO_COMISION_2024,NUEVO_MEDIO_TODOS_INTERNET_ELECTRONICO,Delitos con aplicación de la pregunta 1.5a: Internet o medios electrónicos,Delitos con aplicación de la pregunta 1.5a,Internet o medios electrónicos,estimado,BP1_5A_1|BP1_5A_2|BP1_5A_3|BP1_5A_4|BP1_5A_9,07|08|09|10|13,BP1_5A_1=1,6453103.0,6453103,6060,19698951.0,17706,32.75861237484168,19580589.0,17607,32.95663373558374,FAC_DEL,Sí,Sí,No comparable directamente con la serie histórica,Nueva pregunta multirrespuesta en ENVIPE 2025,No,No recomendado,bd_envipe_2025_dbf.zip,TMod_Vic.dbf,e83c22c5d08b9adcb6b77ecbf7086db479e39d7186a886b72b12b338335e4f91,https://www.inegi.org.mx/programas/envipe/2025/,https://www.inegi.org.mx/contenidos/programas/envipe/2025/doc/fd_envipe2025.pdf,https://www.inegi.org.mx/contenidos/programas/envipe/2025/doc/889463926689.pdf,"La pregunta 1.5a se aplica únicamente a BPCOD 07, 08, 09, 10 y 13. La suma de internet y teléfono puede exceder la unión porque un incidente puede declarar más de un medio. La fila TELECOM_UNION cuenta cada incidente una sola vez."
2025,2024,Nacional,Incidentes delictivos estimados,SERIE_NUEVA_MEDIO_COMISION_2024,NUEVO_MEDIO_TODOS_LLAMADA_TELEFONICA,Delitos con aplicación de la pregunta 1.5a: Llamada telefónica,Delitos con aplicación de la pregunta 1.5a,Llamada telefónica,estimado,BP1_5A_1|BP1_5A_2|BP1_5A_3|BP1_5A_4|BP1_5A_9,07|08|09|10|13,BP1_5A_2=1,6648069.0,6648069,6260,19698951.0,17706,33.74834020349611,19580589.0,17607,33.952344334483506,FAC_DEL,Sí,Sí,No comparable directamente con la serie histórica,Nueva pregunta multirrespuesta en ENVIPE 2025,No,No recomendado,bd_envipe_2025_dbf.zip,TMod_Vic.dbf,e83c22c5d08b9adcb6b77ecbf7086db479e39d7186a886b72b12b338335e4f91,https://www.inegi.org.mx/programas/envipe/2025/,https://www.inegi.org.mx/contenidos/programas/envipe/2025/doc/fd_envipe2025.pdf,https://www.inegi.org.mx/contenidos/programas/envipe/2025/doc/889463926689.pdf,"La pregunta 1.5a se aplica únicamente a BPCOD 07, 08, 09, 10 y 13. La suma de internet y teléfono puede exceder la unión porque un incidente puede declarar más de un medio. La fila TELECOM_UNION cuenta cada incidente una sola vez."
2025,2024,Nacional,Incidentes delictivos estimados,SERIE_NUEVA_MEDIO_COMISION_2024,NUEVO_MEDIO_TODOS_TELECOM_UNION,Delitos con aplicación de la pregunta 1.5a: Internet/medios electrónicos o llamada telefónica (unión),Delitos con aplicación de la pregunta 1.5a,Internet/medios electrónicos o llamada telefónica (unión),estimado,BP1_5A_1|BP1_5A_2|BP1_5A_3|BP1_5A_4|BP1_5A_9,07|08|09|10|13,BP1_5A_1=1 OR BP1_5A_2=1,12892259.0,12892259,12125,19698951.0,17706,65.44642402531993,19580589.0,17607,65.84203876604529,FAC_DEL,Sí,Sí,No comparable directamente con la serie histórica,Nueva pregunta multirrespuesta en ENVIPE 2025,No,No recomendado,bd_envipe_2025_dbf.zip,TMod_Vic.dbf,e83c22c5d08b9adcb6b77ecbf7086db479e39d7186a886b72b12b338335e4f91,https://www.inegi.org.mx/programas/envipe/2025/,https://www.inegi.org.mx/contenidos/programas/envipe/2025/doc/fd_envipe2025.pdf,https://www.inegi.org.mx/contenidos/programas/envipe/2025/doc/889463926689.pdf,"La pregunta 1.5a se aplica únicamente a BPCOD 07, 08, 09, 10 y 13. La suma de internet y teléfono puede exceder la unión porque un incidente puede declarar más de un medio. La fila TELECOM_UNION cuenta cada incidente una sola vez."
